ID,–í—Ä–µ–º—è —Å–æ–∑–¥–∞–Ω–∏—è,–í–∞—à –ø–æ–ª,–°–∫–æ–ª—å–∫–æ –≤–∞–º –ª–µ—Ç?,"–ó–∞–º–µ—á–∞–µ—Ç–µ –ª–∏ –≤—ã, —á—Ç–æ –∫–æ–≥–¥–∞ –Ω–µ—Ä–≤–Ω–∏—á–∞–µ—Ç–µ, —á–∞—â–µ –º–æ—Ä–≥–∞–µ—Ç–µ?","–ó–∞–º–µ—á–∞–µ—Ç–µ –ª–∏ –≤—ã, —á—Ç–æ –∫–æ–≥–¥–∞ –Ω–µ—Ä–≤–Ω–∏—á–∞–µ—Ç–µ, —Å–∂–∏–º–∞–µ—Ç–µ/""–∫—É—Å–∞–µ—Ç–µ"" –≥—É–±—ã?","–ó–∞–º–µ—á–∞–µ—Ç–µ –ª–∏ –≤—ã, —á—Ç–æ –∫–æ–≥–¥–∞ –Ω–µ—Ä–≤–Ω–∏—á–∞–µ—Ç–µ, –ø–æ—è–≤–ª—è–µ—Ç—Å—è —É—á–∞—â—ë–Ω–Ω–æ–µ –¥—ã—Ö–∞–Ω–∏–µ?","–ó–∞–º–µ—á–∞–µ—Ç–µ –ª–∏ –≤—ã, —á—Ç–æ –∫–æ–≥–¥–∞ –Ω–µ—Ä–≤–Ω–∏—á–∞–µ—Ç–µ, –Ω–∞—á–∏–Ω–∞–µ—Ç–µ –∫–∞—Å–∞—Ç—å—Å—è –ª–∏—Ü–∞ —Ä—É–∫–∞–º–∏ (—á–∞—â–µ)?","–ó–∞–º–µ—á–∞–µ—Ç–µ –ª–∏ –≤—ã, —á—Ç–æ –∫–æ–≥–¥–∞ –Ω–µ—Ä–≤–Ω–∏—á–∞–µ—Ç–µ, —á–∞—Å—Ç–æ –ø–µ—Ä–µ–≤–æ–¥–∏—Ç–µ –≤–∑–≥–ª—è–¥?","–ó–∞–º–µ—á–∞–µ—Ç–µ –ª–∏ –≤—ã, —á—Ç–æ –∫–æ–≥–¥–∞ –Ω–µ—Ä–≤–Ω–∏—á–∞–µ—Ç–µ, –∫—Ä–∞—Å–Ω–µ–µ—Ç–µ?","–ó–∞–º–µ—á–∞–µ—Ç–µ –ª–∏ –≤—ã, —á—Ç–æ –∫–æ–≥–¥–∞ –Ω–µ—Ä–≤–Ω–∏—á–∞–µ—Ç–µ, –Ω–∞—á–∏–Ω–∞—é—Ç —Å–ª–µ–≥–∫–∞ –¥—Ä–æ–∂–∞—Ç—å —Ä—É–∫–∏","–ó–∞–º–µ—á–∞–µ—Ç–µ –ª–∏ –≤—ã, —á—Ç–æ –∫–æ–≥–¥–∞ –Ω–µ—Ä–≤–Ω–∏—á–∞–µ—Ç–µ, –Ω–∞—á–∏–Ω–∞–µ—Ç–µ ""—Ç–µ—Ä–µ–±–∏—Ç—å"" –æ–¥–µ–∂–¥—É? ( –≥–∞–ª—Å—Ç—É–∫, –±–∞–±–æ—á–∫—É, —Ä—É–±–∞—à–∫—É )",–ö–∞–∫–∏–µ –µ—â—ë –ø—Ä–∏–∑–Ω–∞–∫–∏ —Å—Ç—Ä–µ—Å—Å–∞ –≤—ã –∑–∞–º–µ—á–∞–ª–∏? –ë—É–¥–µ–º –ø—Ä–µ–º–Ω–æ–≥–æ –±–ª–∞–≥–æ–¥–∞—Ä–Ω—ã –≤–∞–º –∑–∞ –∏–¥–µ–∏. –ó–∞—Ä–∞–Ω–µ–µ —Å–ø–∞—Å–∏–±–æ :3
1178621228,2022-07-10 03:54:12,–ñ–µ–Ω—Å–∫–∏–π,19,–ù–µ –æ–±—Ä–∞—â–∞–ª(-–∞) –≤–Ω–∏–º–∞–Ω–∏–µ,–ù–µ—Ç,–î–∞,–ö–∞—Å–∞—é—Å—å —Ä—É–∫–∞–º–∏ –ª–∏—Ü–∞ —Ä–µ–∂–µ,–ü–µ—Ä–µ–≤–æ–∂—É –≤–∑–≥–ª—è–¥ —Ä–µ–∂–µ ( —Å–º–æ—Ç—Ä—é –≤ –æ–¥–Ω—É —Ç–æ—á–∫—É ),–ù–µ—Ç,–î–∞,–ù–µ—Ç,
1178280924,2022-07-09 03:17:39,–ñ–µ–Ω—Å–∫–∏–π,46,–ù–µ –æ–±—Ä–∞—â–∞–ª(-–∞) –≤–Ω–∏–º–∞–Ω–∏–µ,–ù–µ –æ–±—Ä–∞—â–∞–ª(-–∞) –≤–Ω–∏–º–∞–Ω–∏–µ,–î–∞,–î–∞,–î–∞,–ù–µ—Ç,–î–∞,–î–∞,
1178230828,2022-07-08 22:00:55,–ú—É–∂—Å–∫–æ–π,18,–ù–µ –æ–±—Ä–∞—â–∞–ª(-–∞) –≤–Ω–∏–º–∞–Ω–∏–µ,–ù–µ –æ–±—Ä–∞—â–∞–ª(-–∞) –≤–Ω–∏–º–∞–Ω–∏–µ,–î–∞,–î–∞,–î–∞,–î–∞,–î–∞,–î–∞,
1178286622,2022-07-09 04:36:20,–ñ–µ–Ω—Å–∫–∏–π,44,–ù–µ—Ç,–ù–µ—Ç,–ù–µ –æ–±—Ä–∞—â–∞–ª(-–∞) –≤–Ω–∏–º–∞–Ω–∏–µ,–î–∞,–ù–µ—Ç,–î–∞,–ù–µ—Ç,–î–∞,
1178289542,2022-07-09 05:07:32,–ñ–µ–Ω—Å–∫–∏–π,38,–ù–µ –æ–±—Ä–∞—â–∞–ª(-–∞) –≤–Ω–∏–º–∞–Ω–∏–µ,–ù–µ—Ç,–ù–µ—Ç,–ù–µ—Ç,–ù–µ—Ç,–ù–µ—Ç,–ù–µ—Ç,–ù–µ—Ç,"–ü–ª–∞–∫–∞—Ç—å –±–µ–∑ –ø—Ä–µ—á–∏–Ω—ã
–í—ã–π—Ç–∏ –≤ –ª—é–¥–∏, —á—Ç–æ–±—ã –æ—Ç–≤–ª–µ—á—å—Å—è
–£–π—Ç–∏ –æ—Ç –±–ª–∏–∑–∫–∏—Ö –ª—é–¥–µ–π, –∫–æ—Ç–æ—Ä—ã–µ –ø—ã—Ç–∞—é—Ç—Å—è –¥–æ–≤–µ—Å—Ç–∏ –¥–æ –∏—Å—Ç–µ—Ä–∏–∫–∏"
1178289942,2022-07-09 05:11:30,–ñ–µ–Ω—Å–∫–∏–π,38,–ù–µ –æ–±—Ä–∞—â–∞–ª(-–∞) –≤–Ω–∏–º–∞–Ω–∏–µ,–ù–µ –æ–±—Ä–∞—â–∞–ª(-–∞) –≤–Ω–∏–º–∞–Ω–∏–µ,–î–∞,–ù–µ –æ–±—Ä–∞—â–∞–ª(-–∞) –≤–Ω–∏–º–∞–Ω–∏–µ,–î–∞,–ù–µ—Ç,–î–∞,–î–∞,
1178236343,2022-07-08 22:17:16,–ñ–µ–Ω—Å–∫–∏–π,18,–ù–µ –æ–±—Ä–∞—â–∞–ª(-–∞) –≤–Ω–∏–º–∞–Ω–∏–µ,–î–∞,–ù–µ –æ–±—Ä–∞—â–∞–ª(-–∞) –≤–Ω–∏–º–∞–Ω–∏–µ,–î–∞,–î–∞,–ù–µ—Ç,–î–∞,–ù–µ—Ç,
1178182714,2022-07-08 19:40:22,–ñ–µ–Ω—Å–∫–∏–π,22,–ù–µ—Ç,–ù–µ—Ç,–î–∞,–ö–∞—Å–∞—é—Å—å —Ä—É–∫–∞–º–∏ –ª–∏—Ü–∞ —Ä–µ–∂–µ,–ü–µ—Ä–µ–≤–æ–∂—É –≤–∑–≥–ª—è–¥ —Ä–µ–∂–µ ( —Å–º–æ—Ç—Ä—é –≤ –æ–¥–Ω—É —Ç–æ—á–∫—É ),–ù–µ—Ç,–ù–µ—Ç,–ù–µ—Ç,–ù–∏–∫–∞–∫–∏—Ö –ø—Ä–∏–∑–Ω–∞–∫–æ–≤ –Ω–µ—Ç .
1178134711,2022-07-08 17:25:39,–ñ–µ–Ω—Å–∫–∏–π,36,–ù–µ –æ–±—Ä–∞—â–∞–ª(-–∞) –≤–Ω–∏–º–∞–Ω–∏–µ,–î–∞,–î–∞,–î–∞,–ù–µ—Ç,–î–∞,–ù–µ –æ–±—Ä–∞—â–∞–ª(-–∞) –≤–Ω–∏–º–∞–Ω–∏–µ,–ù–µ—Ç,"–ù–∞–ø—Ä—è–≥–∞—é –ø–ª–µ—á–∏, –ø–µ—Ä–µ–º–∏–Ω–∞—é—Å—å —Å –Ω–æ–≥–∏ –Ω–∞ –Ω–æ–≥—É"
1178132905,2022-07-08 17:21:19,–ú—É–∂—Å–∫–æ–π,24,–ù–µ—Ç,–î–∞,–ù–µ—Ç,–î–∞,–î–∞,–ù–µ—Ç,,–î–∞,
1178132978,2022-07-08 17:21:29,–ú—É–∂—Å–∫–æ–π,38,–ù–µ –æ–±—Ä–∞—â–∞–ª(-–∞) –≤–Ω–∏–º–∞–Ω–∏–µ,–î–∞,–î–∞,–î–∞,–î–∞,–ë–ª–µ–¥–Ω–µ—é,–î–∞,–î–∞,
1178133789,2022-07-08 17:23:29,–ú—É–∂—Å–∫–æ–π,16,–ù–µ –æ–±—Ä–∞—â–∞–ª(-–∞) –≤–Ω–∏–º–∞–Ω–∏–µ,–î–∞,–î–∞,–î–∞,–ü–µ—Ä–µ–≤–æ–∂—É –≤–∑–≥–ª—è–¥ —Ä–µ–∂–µ ( —Å–º–æ—Ç—Ä—é –≤ –æ–¥–Ω—É —Ç–æ—á–∫—É ),–î–∞,–î–∞,–î–∞,
1178133856,2022-07-08 17:23:39,–ú—É–∂—Å–∫–æ–π,26,–ù–µ –æ–±—Ä–∞—â–∞–ª(-–∞) –≤–Ω–∏–º–∞–Ω–∏–µ,–î–∞,–î–∞,–ù–µ—Ç,–î–∞,–ë–ª–µ–¥–Ω–µ—é,–î–∞,–ù–µ—Ç,
1178133906,2022-07-08 17:23:47,–ú—É–∂—Å–∫–æ–π,16,–ú–æ—Ä–≥–∞—é —Ä–µ–∂–µ,–î–∞,–î—ã—à—É —Ä–µ–∂–µ,–ù–µ—Ç,–î–∞,–î–∞,–î–∞,–î–∞,"–û—Å—Ç–∞–Ω–æ–≤–∫–∞ –¥—ã—Ö–∞–Ω–∏—è, —Å–∂–∞—Ç–æ—Å—Ç—å"
1178133918,2022-07-08 17:23:48,–ñ–µ–Ω—Å–∫–∏–π,33,–î–∞,–î–∞,–î—ã—à—É —Ä–µ–∂–µ,–î–∞,–ù–µ –æ–±—Ä–∞—â–∞–ª(-–∞) –≤–Ω–∏–º–∞–Ω–∏–µ,–î–∞,–î–∞,–î–∞,"–º–µ–Ω—è–µ—Ç—Å—è —Ç–µ–º–±—Ä –≥–æ–ª–æ—Å–∞, –≥–æ–≤–æ—Ä—é –±–æ–ª–µ–µ –≤—ã—Å–æ–∫–∏–º —Ç–æ–Ω–æ–º"
1178135385,2022-07-08 17:27:12,–ú—É–∂—Å–∫–æ–π,34,–ù–µ –æ–±—Ä–∞—â–∞–ª(-–∞) –≤–Ω–∏–º–∞–Ω–∏–µ,–î–∞,–ù–µ—Ç,–î–∞,–ù–µ –æ–±—Ä–∞—â–∞–ª(-–∞) –≤–Ω–∏–º–∞–Ω–∏–µ,–ù–µ—Ç,–ù–µ—Ç,–ù–µ—Ç,
1178135520,2022-07-08 17:27:34,–ú—É–∂—Å–∫–æ–π,59,–ù–µ –æ–±—Ä–∞—â–∞–ª(-–∞) –≤–Ω–∏–º–∞–Ω–∏–µ,–î–∞,–î–∞,–ù–µ—Ç,–ù–µ –æ–±—Ä–∞—â–∞–ª(-–∞) –≤–Ω–∏–º–∞–Ω–∏–µ,–î–∞,–î–∞,–ù–µ—Ç,
1178135918,2022-07-08 17:28:29,–ñ–µ–Ω—Å–∫–∏–π,27,–ú–æ—Ä–≥–∞—é —Ä–µ–∂–µ,–ù–µ –æ–±—Ä–∞—â–∞–ª(-–∞) –≤–Ω–∏–º–∞–Ω–∏–µ,–ù–µ –æ–±—Ä–∞—â–∞–ª(-–∞) –≤–Ω–∏–º–∞–Ω–∏–µ,–î–∞,–ù–µ –æ–±—Ä–∞—â–∞–ª(-–∞) –≤–Ω–∏–º–∞–Ω–∏–µ,–ù–µ—Ç,–î–∞,–ù–µ –æ–±—Ä–∞—â–∞–ª(-–∞) –≤–Ω–∏–º–∞–Ω–∏–µ,–ö–æ–≤—ã—Ä—è—é—Å—å –≤ –Ω–æ–≥—Ç—è—Ö
1178136282,2022-07-08 17:29:22,–ú—É–∂—Å–∫–æ–π,16,–ù–µ—Ç,–ù–µ—Ç,–ù–µ –æ–±—Ä–∞—â–∞–ª(-–∞) –≤–Ω–∏–º–∞–Ω–∏–µ,–î–∞,–î–∞,–ù–µ—Ç,–î–∞,–ù–µ—Ç,"–ù–µ—Ä–≤–Ω—ã–π —Ç–∏–∫, —Ä–∞—Å—Ç–µ—Ä—è–Ω–Ω–æ—Å—Ç—å"
1178141509,2022-07-08 17:43:04,–ú—É–∂—Å–∫–æ–π,16,–î–∞,–î–∞,–ù–µ –æ–±—Ä–∞—â–∞–ª(-–∞) –≤–Ω–∏–º–∞–Ω–∏–µ,–î–∞,–ù–µ—Ç,–ù–µ—Ç,–î–∞,–ù–µ—Ç,"–°–º–æ—Ç—Ä—é –ø—Ä–µ–∏–º—É—â–µ—Å—Ç–≤–µ–Ω–Ω–æ –≤–Ω–∏–∑, –∞ –Ω–µ –≤–≤–µ—Ä—Ö"
1178143901,2022-07-08 17:49:29,–ú—É–∂—Å–∫–æ–π,15,–ù–µ –æ–±—Ä–∞—â–∞–ª(-–∞) –≤–Ω–∏–º–∞–Ω–∏–µ,–ù–µ –æ–±—Ä–∞—â–∞–ª(-–∞) –≤–Ω–∏–º–∞–Ω–∏–µ,–ù–µ –æ–±—Ä–∞—â–∞–ª(-–∞) –≤–Ω–∏–º–∞–Ω–∏–µ,–ù–µ—Ç,–î–∞,–ù–µ –æ–±—Ä–∞—â–∞–ª(-–∞) –≤–Ω–∏–º–∞–Ω–∏–µ,–î–∞,–î–∞,–ë–µ—Å–ø–æ—Ä—è–¥–æ—á–Ω–æ–µ —Ö–æ–∂–¥–µ–Ω–∏–µ –ø–æ –∫–æ–º–Ω–∞—Ç–µ
1178147048,2022-07-08 17:58:12,–ñ–µ–Ω—Å–∫–∏–π,49,–ù–µ –æ–±—Ä–∞—â–∞–ª(-–∞) –≤–Ω–∏–º–∞–Ω–∏–µ,–ù–µ—Ç,–î–∞,–ù–µ –æ–±—Ä–∞—â–∞–ª(-–∞) –≤–Ω–∏–º–∞–Ω–∏–µ,–ù–µ—Ç,–î–∞,–î–∞,–ù–µ –æ–±—Ä–∞—â–∞–ª(-–∞) –≤–Ω–∏–º–∞–Ω–∏–µ,"–°–∏–ª—å–Ω—Ö–æ —Å—Ç—É—Å–∏—Ç —Å–µ—Ä–¥—Ü–µ,, –ø–æ–¥–Ω–∏–º–∞–∫–Ω—Ç—Å—è –¥–∞–≤–ª–µ–Ω–∏–µ, –ø–æ—è–≤–ª—è—é—Ç—Å —Å—Å—É–µ—Ç–ª–∏–≤–≤–µ –¥–≤–∏–∂–µ–Ω–∏—è"
1178161771,2022-07-08 18:38:27,–ú—É–∂—Å–∫–æ–π,26,–ù–µ –æ–±—Ä–∞—â–∞–ª(-–∞) –≤–Ω–∏–º–∞–Ω–∏–µ,–ù–µ—Ç,–î–∞,–ù–µ—Ç,–î–∞,–î–∞,–ù–µ—Ç,–î–∞,"–ü–æ–¥–≥–∏–±–∞—é—Ç—Å—è –∫–æ–ª–µ–Ω–∏, –≥—Ä—ã–∑—É –Ω–æ–≥—Ç–∏"
1178161775,2022-07-08 18:38:27,–ú—É–∂—Å–∫–æ–π,18,–ù–µ –æ–±—Ä–∞—â–∞–ª(-–∞) –≤–Ω–∏–º–∞–Ω–∏–µ,–î–∞,–ù–µ –æ–±—Ä–∞—â–∞–ª(-–∞) –≤–Ω–∏–º–∞–Ω–∏–µ,–î–∞,–î–∞,,–î–∞,–î–∞,
1178161866,2022-07-08 18:38:42,–ú—É–∂—Å–∫–æ–π,19,–ù–µ –æ–±—Ä–∞—â–∞–ª(-–∞) –≤–Ω–∏–º–∞–Ω–∏–µ,–î–∞,–î–∞,–ö–∞—Å–∞—é—Å—å —Ä—É–∫–∞–º–∏ –ª–∏—Ü–∞ —Ä–µ–∂–µ,–ü–µ—Ä–µ–≤–æ–∂—É –≤–∑–≥–ª—è–¥ —Ä–µ–∂–µ ( —Å–º–æ—Ç—Ä—é –≤ –æ–¥–Ω—É —Ç–æ—á–∫—É ),–ù–µ –æ–±—Ä–∞—â–∞–ª(-–∞) –≤–Ω–∏–º–∞–Ω–∏–µ,–ù–µ—Ç,–î–∞,
1178162296,2022-07-08 18:39:52,–ñ–µ–Ω—Å–∫–∏–π,23,–ù–µ—Ç,–î–∞,–ù–µ –æ–±—Ä–∞—â–∞–ª(-–∞) –≤–Ω–∏–º–∞–Ω–∏–µ,–ù–µ—Ç,–ù–µ –æ–±—Ä–∞—â–∞–ª(-–∞) –≤–Ω–∏–º–∞–Ω–∏–µ,–î–∞,–î–∞,–î–∞,
1178162605,2022-07-08 18:40:44,–ñ–µ–Ω—Å–∫–∏–π,,–ù–µ –æ–±—Ä–∞—â–∞–ª(-–∞) –≤–Ω–∏–º–∞–Ω–∏–µ,–ù–µ –æ–±—Ä–∞—â–∞–ª(-–∞) –≤–Ω–∏–º–∞–Ω–∏–µ,–î–∞,–ù–µ –æ–±—Ä–∞—â–∞–ª(-–∞) –≤–Ω–∏–º–∞–Ω–∏–µ,–î–∞,–ù–µ –æ–±—Ä–∞—â–∞–ª(-–∞) –≤–Ω–∏–º–∞–Ω–∏–µ,–î–∞,–î–∞,
1178162722,2022-07-08 18:41:02,–ñ–µ–Ω—Å–∫–∏–π,23,–ù–µ –æ–±—Ä–∞—â–∞–ª(-–∞) –≤–Ω–∏–º–∞–Ω–∏–µ,–î–∞,–î–∞,–ù–µ –æ–±—Ä–∞—â–∞–ª(-–∞) –≤–Ω–∏–º–∞–Ω–∏–µ,–ù–µ –æ–±—Ä–∞—â–∞–ª(-–∞) –≤–Ω–∏–º–∞–Ω–∏–µ,–î–∞,–î–∞,–î–∞,"–ü–µ—Ä–µ–º–∏–Ω–∞—é—Å—å —Å –Ω–æ–≥–∏ –Ω–∞ –Ω–æ–≥—É (–∫–∞—á–∞—é—Å—å), –µ—Å–ª–∏ —Å—Ç–æ—é"
1178162713,2022-07-08 18:41:02,–ú—É–∂—Å–∫–æ–π,27,–î–∞,–ù–µ—Ç,–î–∞,–ù–µ –æ–±—Ä–∞—â–∞–ª(-–∞) –≤–Ω–∏–º–∞–Ω–∏–µ,–î–∞,–ù–µ—Ç,–î–∞,–ù–µ –æ–±—Ä–∞—â–∞–ª(-–∞) –≤–Ω–∏–º–∞–Ω–∏–µ,–î–≤–∏–∂–µ–Ω–∏—è —Å –º–µ—Å—Ç–∞ –Ω–∞ –º–µ—Å—Ç–æ.
1178162737,2022-07-08 18:41:05,–ñ–µ–Ω—Å–∫–∏–π,21,–ù–µ –æ–±—Ä–∞—â–∞–ª(-–∞) –≤–Ω–∏–º–∞–Ω–∏–µ,–î–∞,–î—ã—à—É —Ä–µ–∂–µ,–ù–µ –æ–±—Ä–∞—â–∞–ª(-–∞) –≤–Ω–∏–º–∞–Ω–∏–µ,–ù–µ—Ç,–î–∞,–î–∞,–î–∞,
1178162818,2022-07-08 18:41:18,–ñ–µ–Ω—Å–∫–∏–π,20,–ù–µ—Ç,–î–∞,–ù–µ—Ç,–ù–µ—Ç,–ù–µ—Ç,–ë–ª–µ–¥–Ω–µ—é,–î–∞,–î–∞,
1178163603,2022-07-08 18:43:13,–ñ–µ–Ω—Å–∫–∏–π,21,–ù–µ –æ–±—Ä–∞—â–∞–ª(-–∞) –≤–Ω–∏–º–∞–Ω–∏–µ,–î–∞,–î–∞,–ù–µ –æ–±—Ä–∞—â–∞–ª(-–∞) –≤–Ω–∏–º–∞–Ω–∏–µ,–ù–µ –æ–±—Ä–∞—â–∞–ª(-–∞) –≤–Ω–∏–º–∞–Ω–∏–µ,–ù–µ—Ç,–î–∞,–î–∞,"–£—á–∞—â–µ–Ω–Ω–æ–µ —Å–µ—Ä–¥—Ü–µ–±–∏–µ–Ω–∏–µ, –≥–æ–ª–æ–≤–∞ –∫—Ä—É–∂–∏—Ç—Å—è, —Ö–æ—á–µ—Ç—Å—è –ø–∏—Ç—å –±–æ–ª—å—à–µ, —Å–ª–æ–∂–Ω–æ —Å–∏–¥–µ—Ç—å –Ω–∞ –æ–¥–Ω–æ–º –º–µ—Å—Ç–µ, –ø—Ä–∏—Å—Ç—É–ø—ã –∑–µ–≤–æ—Ç—ã –±—ã–≤–∞—é—Ç (–ø–æ—Å—Ç–æ—è–Ω–Ω–æ —Ö–æ—á–µ—Ç—Å—è –∑–µ–≤–Ω—É—Ç—å –∏–ª–∏ –≤–∑–¥–æ—Ö–Ω—É—Ç—å, –Ω–æ –Ω–µ –ø–æ–ª—É—á–∞–µ—Ç—Å—è)"
1178171983,2022-07-08 19:08:38,–ñ–µ–Ω—Å–∫–∏–π,22,–ù–µ—Ç,–î–∞,–ù–µ –æ–±—Ä–∞—â–∞–ª(-–∞) –≤–Ω–∏–º–∞–Ω–∏–µ,–ù–µ—Ç,–ù–µ –æ–±—Ä–∞—â–∞–ª(-–∞) –≤–Ω–∏–º–∞–Ω–∏–µ,–î–∞,–ù–µ—Ç,–ù–µ—Ç,"–ì—Ä–æ–º–∫–æ—Å—Ç—å –≥–æ–ª–æ—Å–∞ –º–æ–∂–µ—Ç ""—Å–∫–∞–∫–∞—Ç—å"" (—Ç–æ —Ç–∏—à–µ, —Ç–æ –≥—Ä–æ–º—á–µ)"
1178163670,2022-07-08 18:43:25,–ú—É–∂—Å–∫–æ–π,18,–î–∞,–ù–µ –æ–±—Ä–∞—â–∞–ª(-–∞) –≤–Ω–∏–º–∞–Ω–∏–µ,–ù–µ –æ–±—Ä–∞—â–∞–ª(-–∞) –≤–Ω–∏–º–∞–Ω–∏–µ,–î–∞,–î–∞,–î–∞,–î–∞,–ù–µ—Ç,
1178164197,2022-07-08 18:44:53,–ñ–µ–Ω—Å–∫–∏–π,20,–î–∞,–î–∞,–ù–µ—Ç,–ù–µ—Ç,–ü–µ—Ä–µ–≤–æ–∂—É –≤–∑–≥–ª—è–¥ —Ä–µ–∂–µ ( —Å–º–æ—Ç—Ä—é –≤ –æ–¥–Ω—É —Ç–æ—á–∫—É ),–î–∞,–ù–µ—Ç,–î–∞,"–©–µ–ª–∫–∞–Ω—å–µ –ø–∞–ª—å—Ü–∞–º–∏ –±–µ–∑ –ø—Ä–∏—á–∏–Ω—ã, —Å–∂–∏–º–∞–Ω–∏–µ –∏ —Ä–∞–∑–∂–∏–º–∞–Ω–∏–µ –∫—É–ª–∞–∫–æ–≤ (–∫–∞–∫ –±—ã –ø–æ–≥–ª–∞–∂–∏–≤–∞–Ω–∏–µ –ø–∞–ª—å—Ü–∞–º–∏ –ª–∞–¥–æ–Ω–∏ —Ç–æ–π –∂–µ —Ä—É–∫–∏, —Ç–∞–∫–æ–µ —á–∞—Å—Ç–æ –±—ã–≤–∞–µ—Ç, –∫–æ–≥–¥–∞ –ª–∞–¥–æ–Ω–∏ –ø–æ—Ç–µ—é—Ç –æ—Ç –≤–æ–ª–Ω–µ–Ω–∏—è)"
1178164404,2022-07-08 18:45:31,–ñ–µ–Ω—Å–∫–∏–π,21,–ù–µ –æ–±—Ä–∞—â–∞–ª(-–∞) –≤–Ω–∏–º–∞–Ω–∏–µ,–î–∞,–î–∞,–î–∞,–î–∞,–ù–µ –æ–±—Ä–∞—â–∞–ª(-–∞) –≤–Ω–∏–º–∞–Ω–∏–µ,–î–∞,–î–∞,–ü–µ—Ä–µ–±—Ä–∞—Å—ã–≤–∞–Ω–∏–µ –≤–æ–ª–æ—Å
1178164470,2022-07-08 18:45:41,–ñ–µ–Ω—Å–∫–∏–π,19,–ù–µ –æ–±—Ä–∞—â–∞–ª(-–∞) –≤–Ω–∏–º–∞–Ω–∏–µ,–î–∞,–î–∞,–î–∞,–ù–µ—Ç,–ù–µ—Ç,–î–∞,–î–∞,
1178165089,2022-07-08 18:47:29,–ú—É–∂—Å–∫–æ–π,16,–ù–µ –æ–±—Ä–∞—â–∞–ª(-–∞) –≤–Ω–∏–º–∞–Ω–∏–µ,–ù–µ—Ç,,–ù–µ—Ç,–î–∞,–î–∞,–ù–µ—Ç,–ù–µ—Ç,
1178166816,2022-07-08 18:52:54,–ú—É–∂—Å–∫–æ–π,21,–ù–µ—Ç,–ù–µ—Ç,–î—ã—à—É —Ä–µ–∂–µ,–ù–µ—Ç,–ù–µ—Ç,–ù–µ—Ç,–ù–µ—Ç,–ù–µ—Ç,
1178167045,2022-07-08 18:53:38,–ú—É–∂—Å–∫–æ–π,21,–ù–µ –æ–±—Ä–∞—â–∞–ª(-–∞) –≤–Ω–∏–º–∞–Ω–∏–µ,–î–∞,–î–∞,–ù–µ—Ç,–ù–µ –æ–±—Ä–∞—â–∞–ª(-–∞) –≤–Ω–∏–º–∞–Ω–∏–µ,–ù–µ—Ç,–ù–µ—Ç,–î–∞,–ù–µ—Ä–≤–Ω–∞—è —É–ª—ã–±–∫–∞ –ø–æ—è–≤–ª—è–µ—Ç—Å—è
1178167611,2022-07-08 18:55:19,–ñ–µ–Ω—Å–∫–∏–π,22,–ù–µ –æ–±—Ä–∞—â–∞–ª(-–∞) –≤–Ω–∏–º–∞–Ω–∏–µ,–ù–µ –æ–±—Ä–∞—â–∞–ª(-–∞) –≤–Ω–∏–º–∞–Ω–∏–µ,–ù–µ –æ–±—Ä–∞—â–∞–ª(-–∞) –≤–Ω–∏–º–∞–Ω–∏–µ,–î–∞,–î–∞,–î–∞,–î–∞,–î–∞,
1178167810,2022-07-08 18:55:55,–ú—É–∂—Å–∫–æ–π,18,–ù–µ—Ç,–ù–µ –æ–±—Ä–∞—â–∞–ª(-–∞) –≤–Ω–∏–º–∞–Ω–∏–µ,–î—ã—à—É —Ä–µ–∂–µ,–î–∞,–ù–µ—Ç,–ù–µ –æ–±—Ä–∞—â–∞–ª(-–∞) –≤–Ω–∏–º–∞–Ω–∏–µ,–ù–µ—Ç,–ù–µ—Ç,
1178172035,2022-07-08 19:08:47,–ú—É–∂—Å–∫–æ–π,16,–ù–µ—Ç,–ù–µ—Ç,–î–∞,–ù–µ—Ç,–î–∞,–ù–µ—Ç,–ù–µ—Ç,–ù–µ—Ç,"–ü–æ—Ç, —Å–µ—Ä–¥—Ü–µ–±–∏–µ–Ω–∏–µ"
1178168068,2022-07-08 18:56:38,–ú—É–∂—Å–∫–æ–π,16,–ù–µ –æ–±—Ä–∞—â–∞–ª(-–∞) –≤–Ω–∏–º–∞–Ω–∏–µ,–î–∞,–ù–µ—Ç,–ù–µ –æ–±—Ä–∞—â–∞–ª(-–∞) –≤–Ω–∏–º–∞–Ω–∏–µ,–î–∞,–ù–µ—Ç,–ù–µ—Ç,–î–∞,–ù–µ –æ–±—Ä–∞—â–∞–ª –≤–Ω–∏–º–∞–Ω–∏–µ
1178170962,2022-07-08 19:05:23,–ú—É–∂—Å–∫–æ–π,16,–ú–æ—Ä–≥–∞—é —Ä–µ–∂–µ,–ù–µ—Ç,–ù–µ—Ç,–ù–µ—Ç,–î–∞,–ù–µ—Ç,–ù–µ—Ç,–ù–µ—Ç,
1178171409,2022-07-08 19:06:46,–ú—É–∂—Å–∫–æ–π,50,–ù–µ –æ–±—Ä–∞—â–∞–ª(-–∞) –≤–Ω–∏–º–∞–Ω–∏–µ,–ù–µ—Ç,–î–∞,–î–∞,–î–∞,–ù–µ –æ–±—Ä–∞—â–∞–ª(-–∞) –≤–Ω–∏–º–∞–Ω–∏–µ,–î–∞,–ù–µ—Ç,"–ü–æ—Ç–ª–∏–≤–æ—Å—Ç—å
–°–æ—Å–∞–Ω–∏–µ –ø–∞–ª—å—Ü–∞ - –Ω–µ–æ–±—Ö–æ–¥–∏–º–æ—Å—Ç—å –≤ –ø–æ–º–æ—â–∏
–ü—Ä–∏–æ—Ç–∫—Ä—ã—Ç—ã–π —Ä–æ—Ç
–ò–∑–º–µ–Ω–µ–Ω–∏–µ —Ç–µ–º–±—Ä–∞ –≥–æ–ª–æ—Å–∞, –¥—Ä–æ–∂–∞–Ω–∏–µ –≥–æ–ª–æ—Å–∞
–£—á–∞—â–µ–Ω–∏–µ –ø—É–ª—å—Å–∞
–ü–æ–≤—ã—à–µ–Ω–∏–µ –¥–∞–≤–ª–µ–Ω–∏—è"
1178172968,2022-07-08 19:11:27,–ú—É–∂—Å–∫–æ–π,25,–ù–µ—Ç,–ù–µ—Ç,–ù–µ –æ–±—Ä–∞—â–∞–ª(-–∞) –≤–Ω–∏–º–∞–Ω–∏–µ,–ù–µ—Ç,–ù–µ –æ–±—Ä–∞—â–∞–ª(-–∞) –≤–Ω–∏–º–∞–Ω–∏–µ,–ë–ª–µ–¥–Ω–µ—é,–ù–µ –æ–±—Ä–∞—â–∞–ª(-–∞) –≤–Ω–∏–º–∞–Ω–∏–µ,–ù–µ—Ç,–û–±–∏–ª—å–Ω–æ–µ –ø–æ—Ç–æ–æ—Ç–¥–µ–ª–µ–Ω–∏–µ
1178175983,2022-07-08 19:20:10,–ú—É–∂—Å–∫–æ–π,20,–ù–µ –æ–±—Ä–∞—â–∞–ª(-–∞) –≤–Ω–∏–º–∞–Ω–∏–µ,–ù–µ –æ–±—Ä–∞—â–∞–ª(-–∞) –≤–Ω–∏–º–∞–Ω–∏–µ,–î–∞,–ù–µ –æ–±—Ä–∞—â–∞–ª(-–∞) –≤–Ω–∏–º–∞–Ω–∏–µ,–ü–µ—Ä–µ–≤–æ–∂—É –≤–∑–≥–ª—è–¥ —Ä–µ–∂–µ ( —Å–º–æ—Ç—Ä—é –≤ –æ–¥–Ω—É —Ç–æ—á–∫—É ),–ù–µ –æ–±—Ä–∞—â–∞–ª(-–∞) –≤–Ω–∏–º–∞–Ω–∏–µ,–î–∞,–ù–µ—Ç,
1178176417,2022-07-08 19:21:22,–ñ–µ–Ω—Å–∫–∏–π,20,–î–∞,–î–∞,–î–∞,–ù–µ—Ç,–ù–µ –æ–±—Ä–∞—â–∞–ª(-–∞) –≤–Ω–∏–º–∞–Ω–∏–µ,–î–∞,–î–∞,–î–∞,"–¢—Ä–æ–≥–∞—Ç—å —É–∫—Ä–∞—à–µ–Ω–∏—è (–∫–æ–ª—å—Ü–∞, –ø–æ–¥–≤–µ—Å–∫–∏, —Å–µ—Ä–µ–∂–∫–∏)"
1178176523,2022-07-08 19:21:40,–ú—É–∂—Å–∫–æ–π,23,–î–∞,–î–∞,–î–∞,–î–∞,–î–∞,–î–∞,–î–∞,–î–∞,-
1178177281,2022-07-08 19:23:54,–ú—É–∂—Å–∫–æ–π,50,–ù–µ—Ç,–ù–µ—Ç,–ù–µ—Ç,–ù–µ—Ç,–ù–µ—Ç,–ù–µ—Ç,–ù–µ—Ç,–ù–µ—Ç,–°–∂–∏–º–∞—é—Ç—Å—è —á–µ–ª—é—Å—Ç–∏
1178177319,2022-07-08 19:24:02,–ú—É–∂—Å–∫–æ–π,22,–ù–µ –æ–±—Ä–∞—â–∞–ª(-–∞) –≤–Ω–∏–º–∞–Ω–∏–µ,–ù–µ—Ç,–î—ã—à—É —Ä–µ–∂–µ,–ù–µ—Ç,–ù–µ –æ–±—Ä–∞—â–∞–ª(-–∞) –≤–Ω–∏–º–∞–Ω–∏–µ,–ù–µ—Ç,–ù–µ—Ç,–î–∞,
1178190395,2022-07-08 20:02:21,–ú—É–∂—Å–∫–æ–π,25,–ù–µ—Ç,–ù–µ—Ç,–ù–µ—Ç,–ù–µ—Ç,–î–∞,–ù–µ—Ç,–ù–µ—Ç,–ù–µ—Ç,
1178178869,2022-07-08 19:28:39,–ñ–µ–Ω—Å–∫–∏–π,21,–î–∞,–î–∞,–ù–µ –æ–±—Ä–∞—â–∞–ª(-–∞) –≤–Ω–∏–º–∞–Ω–∏–µ,–ù–µ –æ–±—Ä–∞—â–∞–ª(-–∞) –≤–Ω–∏–º–∞–Ω–∏–µ,–ù–µ –æ–±—Ä–∞—â–∞–ª(-–∞) –≤–Ω–∏–º–∞–Ω–∏–µ,–î–∞,–ù–µ –æ–±—Ä–∞—â–∞–ª(-–∞) –≤–Ω–∏–º–∞–Ω–∏–µ,–î–∞,
1178180928,2022-07-08 19:34:55,–ñ–µ–Ω—Å–∫–∏–π,21,–ù–µ –æ–±—Ä–∞—â–∞–ª(-–∞) –≤–Ω–∏–º–∞–Ω–∏–µ,–î–∞,–ù–µ –æ–±—Ä–∞—â–∞–ª(-–∞) –≤–Ω–∏–º–∞–Ω–∏–µ,–î–∞,–ü–µ—Ä–µ–≤–æ–∂—É –≤–∑–≥–ª—è–¥ —Ä–µ–∂–µ ( —Å–º–æ—Ç—Ä—é –≤ –æ–¥–Ω—É —Ç–æ—á–∫—É ),–î–∞,–î–∞,–ù–µ—Ç,
1178182174,2022-07-08 19:38:42,–ñ–µ–Ω—Å–∫–∏–π,22,–ù–µ—Ç,–î–∞,–ù–µ—Ç,–ö–∞—Å–∞—é—Å—å —Ä—É–∫–∞–º–∏ –ª–∏—Ü–∞ —Ä–µ–∂–µ,–î–∞,–î–∞,–î–∞,–î–∞,
1178182211,2022-07-08 19:38:50,–ñ–µ–Ω—Å–∫–∏–π,20,–ù–µ—Ç,–î–∞,–î–∞,–ù–µ –æ–±—Ä–∞—â–∞–ª(-–∞) –≤–Ω–∏–º–∞–Ω–∏–µ,–î–∞,–ë–ª–µ–¥–Ω–µ—é,–î–∞,–î–∞,"–°–µ—Ä–¥—Ü–µ–±–∏–µ–Ω–∏–µ 
–¢—Ä–µ–º–æ—Ä —Ç–µ–ª–∞"
1178182907,2022-07-08 19:40:54,–ñ–µ–Ω—Å–∫–∏–π,22,–ù–µ –æ–±—Ä–∞—â–∞–ª(-–∞) –≤–Ω–∏–º–∞–Ω–∏–µ,–î–∞,–î–∞,–ù–µ –æ–±—Ä–∞—â–∞–ª(-–∞) –≤–Ω–∏–º–∞–Ω–∏–µ,–ù–µ –æ–±—Ä–∞—â–∞–ª(-–∞) –≤–Ω–∏–º–∞–Ω–∏–µ,–ë–ª–µ–¥–Ω–µ—é,–î–∞,–î–∞,–ü–æ–∫–∞–ª—ã–≤–∞–Ω–∏–µ –≤ –∂–∏–≤–æ—Ç–µ
1178183002,2022-07-08 19:41:11,–ñ–µ–Ω—Å–∫–∏–π,23,–ù–µ –æ–±—Ä–∞—â–∞–ª(-–∞) –≤–Ω–∏–º–∞–Ω–∏–µ,–î–∞,–î–∞,–ö–∞—Å–∞—é—Å—å —Ä—É–∫–∞–º–∏ –ª–∏—Ü–∞ —Ä–µ–∂–µ,–ü–µ—Ä–µ–≤–æ–∂—É –≤–∑–≥–ª—è–¥ —Ä–µ–∂–µ ( —Å–º–æ—Ç—Ä—é –≤ –æ–¥–Ω—É —Ç–æ—á–∫—É ),–ù–µ—Ç,–ù–µ—Ç,–î–∞,
1178183051,2022-07-08 19:41:18,–ñ–µ–Ω—Å–∫–∏–π,23,–ù–µ –æ–±—Ä–∞—â–∞–ª(-–∞) –≤–Ω–∏–º–∞–Ω–∏–µ,–î–∞,–î–∞,–î–∞,–î–∞,–ë–ª–µ–¥–Ω–µ—é,–î–∞,–ù–µ—Ç,
1178183325,2022-07-08 19:42:04,–ñ–µ–Ω—Å–∫–∏–π,23,–ù–µ –æ–±—Ä–∞—â–∞–ª(-–∞) –≤–Ω–∏–º–∞–Ω–∏–µ,–î–∞,–î–∞,–ù–µ –æ–±—Ä–∞—â–∞–ª(-–∞) –≤–Ω–∏–º–∞–Ω–∏–µ,–ù–µ –æ–±—Ä–∞—â–∞–ª(-–∞) –≤–Ω–∏–º–∞–Ω–∏–µ,–ù–µ –æ–±—Ä–∞—â–∞–ª(-–∞) –≤–Ω–∏–º–∞–Ω–∏–µ,–î–∞,–î–∞,"–ò–∑–º–µ–Ω–µ–Ω–∏–µ —Ü–≤–µ—Ç–∞ –ª–∏—Ü–∞, –∑–∞–∏–∫–∞–Ω–∏–µ, —Ç–∞—Ö–∏–∫–∞—Ä–¥–∏—è, —á—É–≤—Å—Ç–≤–æ –¥–∞–≤–ª–µ–Ω–∏—è –≤ –≥—Ä—É–¥–∏"
1178183483,2022-07-08 19:42:32,–ñ–µ–Ω—Å–∫–∏–π,15,–ù–µ—Ç,–ù–µ—Ç,–î–∞,–ù–µ—Ç,–î–∞,–ù–µ—Ç,–î–∞,–î–∞,–ü–æ—Å—Ç–æ—è–Ω–Ω–æ –ø—Ä–æ–ø—Ä–∞–≤–ª—è—Ç—å –≤–æ–ª–æ—Å—ã
1178183602,2022-07-08 19:42:52,–ñ–µ–Ω—Å–∫–∏–π,,–ù–µ –æ–±—Ä–∞—â–∞–ª(-–∞) –≤–Ω–∏–º–∞–Ω–∏–µ,–î–∞,–î–∞,–î–∞,–î–∞,–ù–µ –æ–±—Ä–∞—â–∞–ª(-–∞) –≤–Ω–∏–º–∞–Ω–∏–µ,–î–∞,–î–∞,
1178183775,2022-07-08 19:43:21,–ñ–µ–Ω—Å–∫–∏–π,20,–ù–µ –æ–±—Ä–∞—â–∞–ª(-–∞) –≤–Ω–∏–º–∞–Ω–∏–µ,–î–∞,–î–∞,–î–∞,–î–∞,–î–∞,–î–∞,–î–∞,"–ö—É—Å–∞–Ω–∏–µ –Ω–æ–≥—Ç–µ–π, —Ç—Ä–æ–≥–∞—é –º–æ—á–∫—É —É—Ö–∞, –≥–ª–∞–∂—É —Å–µ–±—è –ø–æ –≥—Ä—É–¥–∏"
1178184319,2022-07-08 19:45:01,–ñ–µ–Ω—Å–∫–∏–π,22,–ù–µ –æ–±—Ä–∞—â–∞–ª(-–∞) –≤–Ω–∏–º–∞–Ω–∏–µ,–ù–µ –æ–±—Ä–∞—â–∞–ª(-–∞) –≤–Ω–∏–º–∞–Ω–∏–µ,–î–∞,–î–∞,–ù–µ –æ–±—Ä–∞—â–∞–ª(-–∞) –≤–Ω–∏–º–∞–Ω–∏–µ,–ù–µ –æ–±—Ä–∞—â–∞–ª(-–∞) –≤–Ω–∏–º–∞–Ω–∏–µ,–ù–µ—Ç,–ù–µ –æ–±—Ä–∞—â–∞–ª(-–∞) –≤–Ω–∏–º–∞–Ω–∏–µ,
1178184355,2022-07-08 19:45:06,–ñ–µ–Ω—Å–∫–∏–π,41,–ù–µ –æ–±—Ä–∞—â–∞–ª(-–∞) –≤–Ω–∏–º–∞–Ω–∏–µ,–î–∞,–î–∞,–î–∞,–ü–µ—Ä–µ–≤–æ–∂—É –≤–∑–≥–ª—è–¥ —Ä–µ–∂–µ ( —Å–º–æ—Ç—Ä—é –≤ –æ–¥–Ω—É —Ç–æ—á–∫—É ),–î–∞,–î–∞,–î–∞,"–†–∞—Å—à–∏—Ä—è—é—Ç—Å—è –∑—Ä–∞—á–∫–∏, –ø–æ—Ç–µ—é—Ç –ª–∞–¥–æ–Ω–∏."
1178186036,2022-07-08 19:49:57,–ñ–µ–Ω—Å–∫–∏–π,22,–ú–æ—Ä–≥–∞—é —Ä–µ–∂–µ,–î–∞,–ù–µ –æ–±—Ä–∞—â–∞–ª(-–∞) –≤–Ω–∏–º–∞–Ω–∏–µ,–ù–µ—Ç,–ü–µ—Ä–µ–≤–æ–∂—É –≤–∑–≥–ª—è–¥ —Ä–µ–∂–µ ( —Å–º–æ—Ç—Ä—é –≤ –æ–¥–Ω—É —Ç–æ—á–∫—É ),–ù–µ –æ–±—Ä–∞—â–∞–ª(-–∞) –≤–Ω–∏–º–∞–Ω–∏–µ,–ù–µ—Ç,–ù–µ—Ç,–ù–∞—á–∏–Ω–∞—é —Ç–æ—Ä–º–æ–∑–∏—Ç
1178186661,2022-07-08 19:51:40,–ú—É–∂—Å–∫–æ–π,14,–ù–µ –æ–±—Ä–∞—â–∞–ª(-–∞) –≤–Ω–∏–º–∞–Ω–∏–µ,–î–∞,–î–∞,–î–∞,–î–∞,–î–∞,–ù–µ –æ–±—Ä–∞—â–∞–ª(-–∞) –≤–Ω–∏–º–∞–Ω–∏–µ,–ù–µ—Ç,–ü–æ—Ç–µ—é—Ç –ª–∞–¥–æ–Ω–∏
1178186708,2022-07-08 19:51:50,–ñ–µ–Ω—Å–∫–∏–π,24,–ù–µ—Ç,–ù–µ—Ç,–î–∞,–î–∞,–î–∞,–ù–µ—Ç,–ù–µ—Ç,–ù–µ—Ç,
1178187423,2022-07-08 19:53:50,–ñ–µ–Ω—Å–∫–∏–π,29,–ú–æ—Ä–≥–∞—é —Ä–µ–∂–µ,–î–∞,–î—ã—à—É —Ä–µ–∂–µ,–ù–µ—Ç,–ù–µ—Ç,–ù–µ –æ–±—Ä–∞—â–∞–ª(-–∞) –≤–Ω–∏–º–∞–Ω–∏–µ,–î–∞,–ù–µ—Ç,
1178187550,2022-07-08 19:54:13,–ñ–µ–Ω—Å–∫–∏–π,23,–ù–µ—Ç,–î–∞,–î–∞,–ù–µ –æ–±—Ä–∞—â–∞–ª(-–∞) –≤–Ω–∏–º–∞–Ω–∏–µ,–ù–µ –æ–±—Ä–∞—â–∞–ª(-–∞) –≤–Ω–∏–º–∞–Ω–∏–µ,–ù–µ –æ–±—Ä–∞—â–∞–ª(-–∞) –≤–Ω–∏–º–∞–Ω–∏–µ,–ù–µ—Ç,–î–∞,
1178187729,2022-07-08 19:54:40,–ñ–µ–Ω—Å–∫–∏–π,50,–ù–µ—Ç,–î–∞,–î–∞,–ù–µ—Ç,–ù–µ –æ–±—Ä–∞—â–∞–ª(-–∞) –≤–Ω–∏–º–∞–Ω–∏–µ,–î–∞,–î–∞,–î–∞,
1178188294,2022-07-08 19:56:17,–ñ–µ–Ω—Å–∫–∏–π,22,–ù–µ—Ç,–î–∞,–ù–µ—Ç,–ù–µ—Ç,–ü–µ—Ä–µ–≤–æ–∂—É –≤–∑–≥–ª—è–¥ —Ä–µ–∂–µ ( —Å–º–æ—Ç—Ä—é –≤ –æ–¥–Ω—É —Ç–æ—á–∫—É ),–ù–µ –æ–±—Ä–∞—â–∞–ª(-–∞) –≤–Ω–∏–º–∞–Ω–∏–µ,–ù–µ –æ–±—Ä–∞—â–∞–ª(-–∞) –≤–Ω–∏–º–∞–Ω–∏–µ,–ù–µ—Ç,"–ü–æ—è–≤–ª—è–µ—Ç—Å—è –¢—Ä–µ–≤–æ–∂–Ω–æ—Å—Ç—å 
–ë–µ—Å–ø—Ä–∏—á–∏–Ω–Ω—ã–µ —Å—Ç—Ä–∞—Ö–∏
–†–∞–∑–¥—Ä–∞–∂–∏—Ç–µ–ª—å–Ω–æ—Å—Ç—å"
1178189158,2022-07-08 19:58:46,–ú—É–∂—Å–∫–æ–π,55,–ù–µ –æ–±—Ä–∞—â–∞–ª(-–∞) –≤–Ω–∏–º–∞–Ω–∏–µ,–ù–µ—Ç,–î–∞,–ù–µ—Ç,–ü–µ—Ä–µ–≤–æ–∂—É –≤–∑–≥–ª—è–¥ —Ä–µ–∂–µ ( —Å–º–æ—Ç—Ä—é –≤ –æ–¥–Ω—É —Ç–æ—á–∫—É ),–ù–µ—Ç,–ù–µ—Ç,–ù–µ—Ç,
1178190137,2022-07-08 20:01:39,–ñ–µ–Ω—Å–∫–∏–π,56,–ù–µ—Ç,–ù–µ—Ç,–ù–µ –æ–±—Ä–∞—â–∞–ª(-–∞) –≤–Ω–∏–º–∞–Ω–∏–µ,–ù–µ—Ç,–î–∞,–ù–µ—Ç,–î–∞,–ù–µ—Ç,
1178190149,2022-07-08 20:01:40,–ñ–µ–Ω—Å–∫–∏–π,25,–î–∞,–ù–µ –æ–±—Ä–∞—â–∞–ª(-–∞) –≤–Ω–∏–º–∞–Ω–∏–µ,–î–∞,–î–∞,–î–∞,–î–∞,–î–∞,–ù–µ –æ–±—Ä–∞—â–∞–ª(-–∞) –≤–Ω–∏–º–∞–Ω–∏–µ,"–ë—Ä–æ—Å–∞–µ—Ç –≤ –∂–∞—Ä, –∫—Ä—É–∂–∏—Ç—Å—è –≥–æ–ª–æ–≤–∞, –∫—Ä—É—Ç–∏—Ç –∂–∏–≤–æ—Ç"
1178190179,2022-07-08 20:01:45,–ñ–µ–Ω—Å–∫–∏–π,,–ù–µ –æ–±—Ä–∞—â–∞–ª(-–∞) –≤–Ω–∏–º–∞–Ω–∏–µ,–î–∞,–î–∞,–ù–µ –æ–±—Ä–∞—â–∞–ª(-–∞) –≤–Ω–∏–º–∞–Ω–∏–µ,–ù–µ –æ–±—Ä–∞—â–∞–ª(-–∞) –≤–Ω–∏–º–∞–Ω–∏–µ,–î–∞,–î–∞,–ù–µ –æ–±—Ä–∞—â–∞–ª(-–∞) –≤–Ω–∏–º–∞–Ω–∏–µ,–ß–∞—Å—Ç–æ –æ—à–∏–±–∞—é—Å—å –ø—Ä–∏ –Ω–∞–±–æ—Ä–µ —Ç–µ–∫—Å—Ç–∞
1178190306,2022-07-08 20:02:07,–ú—É–∂—Å–∫–æ–π,25,–ù–µ—Ç,–ù–µ—Ç,–ù–µ—Ç,–ù–µ—Ç,–î–∞,–ù–µ—Ç,–ù–µ—Ç,–ù–µ—Ç,
1178191231,2022-07-08 20:04:53,–ñ–µ–Ω—Å–∫–∏–π,21,–ù–µ—Ç,–ù–µ—Ç,–î–∞,–ù–µ—Ç,–ù–µ—Ç,–ù–µ—Ç,–î–∞,–ù–µ—Ç,
1178191698,2022-07-08 20:06:20,–ñ–µ–Ω—Å–∫–∏–π,,–ù–µ –æ–±—Ä–∞—â–∞–ª(-–∞) –≤–Ω–∏–º–∞–Ω–∏–µ,–î–∞,–î–∞,–î–∞,–î–∞,–î–∞,–î–∞,–ù–µ –æ–±—Ä–∞—â–∞–ª(-–∞) –≤–Ω–∏–º–∞–Ω–∏–µ,"–°–æ–Ω–ª–∏–≤–æ—Å—Ç—å 
–¢—Ä–µ–≤–æ–∂–Ω–æ—Å—Ç—å
–ì–æ–ª–æ–¥"
1178192050,2022-07-08 20:07:29,–ñ–µ–Ω—Å–∫–∏–π,,–ù–µ –æ–±—Ä–∞—â–∞–ª(-–∞) –≤–Ω–∏–º–∞–Ω–∏–µ,–ù–µ—Ç,–ù–µ –æ–±—Ä–∞—â–∞–ª(-–∞) –≤–Ω–∏–º–∞–Ω–∏–µ,–ö–∞—Å–∞—é—Å—å —Ä—É–∫–∞–º–∏ –ª–∏—Ü–∞ —Ä–µ–∂–µ,–î–∞,–ù–µ—Ç,–î–∞,–î–∞,
1178193540,2022-07-08 20:12:06,–ñ–µ–Ω—Å–∫–∏–π,23,–ù–µ –æ–±—Ä–∞—â–∞–ª(-–∞) –≤–Ω–∏–º–∞–Ω–∏–µ,–ù–µ –æ–±—Ä–∞—â–∞–ª(-–∞) –≤–Ω–∏–º–∞–Ω–∏–µ,–î–∞,–î–∞,–ù–µ –æ–±—Ä–∞—â–∞–ª(-–∞) –≤–Ω–∏–º–∞–Ω–∏–µ,–ù–µ –æ–±—Ä–∞—â–∞–ª(-–∞) –≤–Ω–∏–º–∞–Ω–∏–µ,–ù–µ –æ–±—Ä–∞—â–∞–ª(-–∞) –≤–Ω–∏–º–∞–Ω–∏–µ,–ù–µ –æ–±—Ä–∞—â–∞–ª(-–∞) –≤–Ω–∏–º–∞–Ω–∏–µ,–ù–µ –∑–∞–º–µ—á–∞–ª–∞
1178194447,2022-07-08 20:15:03,–ú—É–∂—Å–∫–æ–π,26,–ù–µ—Ç,–ù–µ—Ç,–ù–µ –æ–±—Ä–∞—â–∞–ª(-–∞) –≤–Ω–∏–º–∞–Ω–∏–µ,–ù–µ—Ç,–ù–µ –æ–±—Ä–∞—â–∞–ª(-–∞) –≤–Ω–∏–º–∞–Ω–∏–µ,–ù–µ—Ç,–î–∞,–ù–µ—Ç,"–ü–µ—Ä–µ–∂–∏–≤–∞–Ω–∏—è, –∂–∞—Ä"
1178194667,2022-07-08 20:15:44,–ú—É–∂—Å–∫–æ–π,46,–ù–µ –æ–±—Ä–∞—â–∞–ª(-–∞) –≤–Ω–∏–º–∞–Ω–∏–µ,–ù–µ—Ç,–ù–µ –æ–±—Ä–∞—â–∞–ª(-–∞) –≤–Ω–∏–º–∞–Ω–∏–µ,–ù–µ –æ–±—Ä–∞—â–∞–ª(-–∞) –≤–Ω–∏–º–∞–Ω–∏–µ,–ù–µ –æ–±—Ä–∞—â–∞–ª(-–∞) –≤–Ω–∏–º–∞–Ω–∏–µ,–ù–µ –æ–±—Ä–∞—â–∞–ª(-–∞) –≤–Ω–∏–º–∞–Ω–∏–µ,–ù–µ –æ–±—Ä–∞—â–∞–ª(-–∞) –≤–Ω–∏–º–∞–Ω–∏–µ,–î–∞,
1178194862,2022-07-08 20:16:15,–ñ–µ–Ω—Å–∫–∏–π,22,–î–∞,–î–∞,–î—ã—à—É —Ä–µ–∂–µ,–ù–µ –æ–±—Ä–∞—â–∞–ª(-–∞) –≤–Ω–∏–º–∞–Ω–∏–µ,–î–∞,–ù–µ –æ–±—Ä–∞—â–∞–ª(-–∞) –≤–Ω–∏–º–∞–Ω–∏–µ,–î–∞,–î–∞,
1178194971,2022-07-08 20:16:33,–ñ–µ–Ω—Å–∫–∏–π,21,–ù–µ –æ–±—Ä–∞—â–∞–ª(-–∞) –≤–Ω–∏–º–∞–Ω–∏–µ,–î–∞,–î–∞,–î–∞,–î–∞,–ù–µ –æ–±—Ä–∞—â–∞–ª(-–∞) –≤–Ω–∏–º–∞–Ω–∏–µ,–î–∞,–î–∞,"–ù–∞—á–∏–Ω–∞—é —Ç—Ä—è—Å—Ç–∏—Å—å –∏ –ø–æ—Ç–µ—Ç—å, –æ—â—É—â–µ–Ω–∏–µ, –±—É–¥—Ç–æ –Ω–æ–≥–∏ –ø–æ–¥–∫–∞—à–∏–≤–∞—é—Ç—Å—è."
1178195738,2022-07-08 20:18:43,–ú—É–∂—Å–∫–æ–π,33,–ù–µ—Ç,–î–∞,–î–∞,–î–∞,–ù–µ –æ–±—Ä–∞—â–∞–ª(-–∞) –≤–Ω–∏–º–∞–Ω–∏–µ,–ù–µ –æ–±—Ä–∞—â–∞–ª(-–∞) –≤–Ω–∏–º–∞–Ω–∏–µ,–î–∞,–ù–µ—Ç,
1178197813,2022-07-08 20:24:36,–ú—É–∂—Å–∫–æ–π,14,–ù–µ –æ–±—Ä–∞—â–∞–ª(-–∞) –≤–Ω–∏–º–∞–Ω–∏–µ,–î–∞,–î–∞,–ö–∞—Å–∞—é—Å—å —Ä—É–∫–∞–º–∏ –ª–∏—Ü–∞ —Ä–µ–∂–µ,–î–∞,–ù–µ –æ–±—Ä–∞—â–∞–ª(-–∞) –≤–Ω–∏–º–∞–Ω–∏–µ,–ù–µ—Ç,–î–∞,–ù–∞—á–∏–Ω–∞—é —Ö—Ä—É—Å—Ç–µ—Ç—å –ø–∞–ª—å—Ü–∞–º–∏
1178199263,2022-07-08 20:28:56,–ñ–µ–Ω—Å–∫–∏–π,46,–ù–µ—Ç,–ù–µ—Ç,–ù–µ—Ç,–ù–µ—Ç,–ù–µ—Ç,–ù–µ –æ–±—Ä–∞—â–∞–ª(-–∞) –≤–Ω–∏–º–∞–Ω–∏–µ,–î–∞,–ù–µ—Ç,
1178199977,2022-07-08 20:31:03,–ú—É–∂—Å–∫–æ–π,15,–ù–µ –æ–±—Ä–∞—â–∞–ª(-–∞) –≤–Ω–∏–º–∞–Ω–∏–µ,–ù–µ –æ–±—Ä–∞—â–∞–ª(-–∞) –≤–Ω–∏–º–∞–Ω–∏–µ,–ù–µ –æ–±—Ä–∞—â–∞–ª(-–∞) –≤–Ω–∏–º–∞–Ω–∏–µ,–ù–µ –æ–±—Ä–∞—â–∞–ª(-–∞) –≤–Ω–∏–º–∞–Ω–∏–µ,–ù–µ –æ–±—Ä–∞—â–∞–ª(-–∞) –≤–Ω–∏–º–∞–Ω–∏–µ,–ù–µ –æ–±—Ä–∞—â–∞–ª(-–∞) –≤–Ω–∏–º–∞–Ω–∏–µ,–ù–µ –æ–±—Ä–∞—â–∞–ª(-–∞) –≤–Ω–∏–º–∞–Ω–∏–µ,–ù–µ –æ–±—Ä–∞—â–∞–ª(-–∞) –≤–Ω–∏–º–∞–Ω–∏–µ,–ù–µ –∑–∞–º–µ—á–∞–ª
1178200634,2022-07-08 20:33:04,–ñ–µ–Ω—Å–∫–∏–π,24,–ú–æ—Ä–≥–∞—é —Ä–µ–∂–µ,–ù–µ—Ç,–î—ã—à—É —Ä–µ–∂–µ,–î–∞,–î–∞,–ë–ª–µ–¥–Ω–µ—é,–î–∞,–î–∞,"–ë–µ—Å–ø—Ä–∏—á–∏–Ω–Ω—ã–µ —Å—Ç—Ä–∞—Ö–∏, —É—Ö—É–¥—à–µ–Ω–∏–µ –≤–Ω–∏–º–∞–Ω–∏—è, –±—ã—Å—Ç—Ä–∞—è —É—Ç–æ–º–ª—è–µ–º–æ—Å—Ç—å, –¥–µ–ø–µ—Ä—Å–æ–Ω–∞–ª–∏–∑–∞—Ü–∏—è, –¥–µ—Ä–µ–∞–ª–∏–∑–∞—Ü–∏—è, –Ω–∞—Ä—É—à–µ–Ω–∏–µ —Å–Ω–∞"
1178200747,2022-07-08 20:33:24,–ñ–µ–Ω—Å–∫–∏–π,21,–î–∞,–î–∞,–î–∞,–ù–µ—Ç,–ù–µ –æ–±—Ä–∞—â–∞–ª(-–∞) –≤–Ω–∏–º–∞–Ω–∏–µ,–î–∞,–ù–µ –æ–±—Ä–∞—â–∞–ª(-–∞) –≤–Ω–∏–º–∞–Ω–∏–µ,–ù–µ—Ç,
1178201061,2022-07-08 20:34:15,–ñ–µ–Ω—Å–∫–∏–π,22,–ú–æ—Ä–≥–∞—é —Ä–µ–∂–µ,–î–∞,–î–∞,–ö–∞—Å–∞—é—Å—å —Ä—É–∫–∞–º–∏ –ª–∏—Ü–∞ —Ä–µ–∂–µ,–ü–µ—Ä–µ–≤–æ–∂—É –≤–∑–≥–ª—è–¥ —Ä–µ–∂–µ ( —Å–º–æ—Ç—Ä—é –≤ –æ–¥–Ω—É —Ç–æ—á–∫—É ),–ë–ª–µ–¥–Ω–µ—é,–î–∞,–î–∞,–†–∞–∑–¥—Ä–∞–∂–∏—Ç–µ–ª—å–Ω–æ—Å—Ç—å
1178202045,2022-07-08 20:36:57,–ñ–µ–Ω—Å–∫–∏–π,47,–ù–µ –æ–±—Ä–∞—â–∞–ª(-–∞) –≤–Ω–∏–º–∞–Ω–∏–µ,–ù–µ –æ–±—Ä–∞—â–∞–ª(-–∞) –≤–Ω–∏–º–∞–Ω–∏–µ,–î–∞,–ù–µ—Ç,–ù–µ –æ–±—Ä–∞—â–∞–ª(-–∞) –≤–Ω–∏–º–∞–Ω–∏–µ,–î–∞,–î–∞,–ù–µ—Ç,–†–∞—Å—Å–µ—è–Ω–Ω–æ—Å—Ç—å
1178202899,2022-07-08 20:39:24,–ñ–µ–Ω—Å–∫–∏–π,,–ù–µ –æ–±—Ä–∞—â–∞–ª(-–∞) –≤–Ω–∏–º–∞–Ω–∏–µ,–î–∞,–ù–µ—Ç,–ù–µ –æ–±—Ä–∞—â–∞–ª(-–∞) –≤–Ω–∏–º–∞–Ω–∏–µ,–î–∞,–ù–µ—Ç,–î–∞,–ù–µ—Ç,–ì—Ä—ã–∑—Ç—å –Ω–æ–≥—Ç–∏
1178203489,2022-07-08 20:41:09,–ñ–µ–Ω—Å–∫–∏–π,50,–ù–µ—Ç,–ù–µ—Ç,–ù–µ—Ç,–î–∞,–î–∞,–ù–µ—Ç,–ù–µ—Ç,–ù–µ—Ç,–ü—Ä–æ–ø–∞–¥–∞–µ—Ç –∞–ø–ø–µ—Ç–∏—Ç
1178203612,2022-07-08 20:41:31,–ú—É–∂—Å–∫–æ–π,25,–ù–µ –æ–±—Ä–∞—â–∞–ª(-–∞) –≤–Ω–∏–º–∞–Ω–∏–µ,–ù–µ—Ç,–î–∞,–î–∞,–î–∞,–ù–µ –æ–±—Ä–∞—â–∞–ª(-–∞) –≤–Ω–∏–º–∞–Ω–∏–µ,–î–∞,–ù–µ –æ–±—Ä–∞—â–∞–ª(-–∞) –≤–Ω–∏–º–∞–Ω–∏–µ,
1178205334,2022-07-08 20:46:55,–ú—É–∂—Å–∫–æ–π,21,–ù–µ –æ–±—Ä–∞—â–∞–ª(-–∞) –≤–Ω–∏–º–∞–Ω–∏–µ,–ù–µ—Ç,–î—ã—à—É —Ä–µ–∂–µ,–ù–µ—Ç,–î–∞,–ù–µ –æ–±—Ä–∞—â–∞–ª(-–∞) –≤–Ω–∏–º–∞–Ω–∏–µ,–î–∞,–ù–µ—Ç,
1178207279,2022-07-08 20:52:31,–ñ–µ–Ω—Å–∫–∏–π,22,–ù–µ—Ç,–î–∞,–î–∞,–ù–µ –æ–±—Ä–∞—â–∞–ª(-–∞) –≤–Ω–∏–º–∞–Ω–∏–µ,–î–∞,–ù–µ –æ–±—Ä–∞—â–∞–ª(-–∞) –≤–Ω–∏–º–∞–Ω–∏–µ,–î–∞,–ù–µ –æ–±—Ä–∞—â–∞–ª(-–∞) –≤–Ω–∏–º–∞–Ω–∏–µ,
1178208526,2022-07-08 20:56:02,–ñ–µ–Ω—Å–∫–∏–π,52,–ù–µ –æ–±—Ä–∞—â–∞–ª(-–∞) –≤–Ω–∏–º–∞–Ω–∏–µ,–î–∞,–î—ã—à—É —Ä–µ–∂–µ,–î–∞,–ù–µ –æ–±—Ä–∞—â–∞–ª(-–∞) –≤–Ω–∏–º–∞–Ω–∏–µ,–ë–ª–µ–¥–Ω–µ—é,–ù–µ –æ–±—Ä–∞—â–∞–ª(-–∞) –≤–Ω–∏–º–∞–Ω–∏–µ,–ù–µ—Ç,"–£—á–∞—â–µ–Ω–Ω—ã–π –ø—É–ª—å—Å, —É—á–∞—â–µ–Ω–Ω–æ–µ —Å–µ—Ä–¥—Ü–µ–±–∏–µ–Ω–∏–µ, –Ω–µ–≤–æ–∑–º–æ–∂–Ω–æ—Å—Ç—å —É—Å–∏–¥–µ—Ç—å –Ω–∞ –º–µ—Å—Ç–µ, –Ω–µ–≤–æ–∑–º–æ–∂–Ω–æ—Å—Ç—å —Å–æ—Å—Ä–µ–¥–æ—Ç–æ—á–∏—Ç—å—Å—è."
1178207729,2022-07-08 20:53:45,–ñ–µ–Ω—Å–∫–∏–π,,–ù–µ –æ–±—Ä–∞—â–∞–ª(-–∞) –≤–Ω–∏–º–∞–Ω–∏–µ,–î–∞,–ù–µ—Ç,–ö–∞—Å–∞—é—Å—å —Ä—É–∫–∞–º–∏ –ª–∏—Ü–∞ —Ä–µ–∂–µ,–î–∞,–ù–µ –æ–±—Ä–∞—â–∞–ª(-–∞) –≤–Ω–∏–º–∞–Ω–∏–µ,–ù–µ—Ç,–ù–µ—Ç,–ù–∞—á–∏–Ω–∞—é –µ—Å—Ç—å.
1178207977,2022-07-08 20:54:28,–ú—É–∂—Å–∫–æ–π,23,–î–∞,–î–∞,–î–∞,–î–∞,–î–∞,–î–∞,–î–∞,–î–∞,-
1178210706,2022-07-08 21:02:33,–ñ–µ–Ω—Å–∫–∏–π,27,–ù–µ—Ç,–î–∞,–ù–µ –æ–±—Ä–∞—â–∞–ª(-–∞) –≤–Ω–∏–º–∞–Ω–∏–µ,–î–∞,–î–∞,–ù–µ—Ç,–î–∞,–î–∞,
1178209083,2022-07-08 20:57:45,–ñ–µ–Ω—Å–∫–∏–π,23,–î–∞,–î–∞,–î–∞,–ù–µ –æ–±—Ä–∞—â–∞–ª(-–∞) –≤–Ω–∏–º–∞–Ω–∏–µ,–î–∞,–î–∞,–ù–µ—Ç,–ù–µ—Ç,
1178209281,2022-07-08 20:58:20,–ñ–µ–Ω—Å–∫–∏–π,20,–ù–µ –æ–±—Ä–∞—â–∞–ª(-–∞) –≤–Ω–∏–º–∞–Ω–∏–µ,–î–∞,–î–∞,–ù–µ –æ–±—Ä–∞—â–∞–ª(-–∞) –≤–Ω–∏–º–∞–Ω–∏–µ,–ù–µ—Ç,–î–∞,–ù–µ—Ç,–î–∞,"–ü–æ—è–≤–ª—è–µ—Ç—Å—è –∑–ª–æ—Å—Ç—å, —á–∞—Å—Ç–æ —Ö–æ—á–µ—Ç—Å—è –ø—Ä–æ—Å—Ç–æ –∑–∞–ø–ª–∞–∫–∞—Ç—å"
1178209704,2022-07-08 20:59:35,–ú—É–∂—Å–∫–æ–π,20,–ù–µ –æ–±—Ä–∞—â–∞–ª(-–∞) –≤–Ω–∏–º–∞–Ω–∏–µ,–î–∞,–ù–µ—Ç,–ù–µ—Ç,–ù–µ—Ç,–ù–µ –æ–±—Ä–∞—â–∞–ª(-–∞) –≤–Ω–∏–º–∞–Ω–∏–µ,–î–∞,–î–∞,
1178210989,2022-07-08 21:03:21,–ú—É–∂—Å–∫–æ–π,20,–ù–µ—Ç,–ù–µ—Ç,–ù–µ—Ç,–ù–µ—Ç,–ù–µ—Ç,–ù–µ –æ–±—Ä–∞—â–∞–ª(-–∞) –≤–Ω–∏–º–∞–Ω–∏–µ,–ù–µ—Ç,–ù–µ—Ç,
1178212019,2022-07-08 21:06:14,–ú—É–∂—Å–∫–æ–π,25,–ù–µ—Ç,–ù–µ—Ç,–î–∞,–ù–µ—Ç,–ù–µ –æ–±—Ä–∞—â–∞–ª(-–∞) –≤–Ω–∏–º–∞–Ω–∏–µ,–î–∞,–ù–µ –æ–±—Ä–∞—â–∞–ª(-–∞) –≤–Ω–∏–º–∞–Ω–∏–µ,–ù–µ—Ç,
1178212585,2022-07-08 21:07:57,–ú—É–∂—Å–∫–æ–π,,–î–∞,–ù–µ—Ç,–ù–µ –æ–±—Ä–∞—â–∞–ª(-–∞) –≤–Ω–∏–º–∞–Ω–∏–µ,–î–∞,–ù–µ –æ–±—Ä–∞—â–∞–ª(-–∞) –≤–Ω–∏–º–∞–Ω–∏–µ,–ù–µ—Ç,–î–∞,–î–∞,
1178212975,2022-07-08 21:09:00,–ñ–µ–Ω—Å–∫–∏–π,21,–ù–µ –æ–±—Ä–∞—â–∞–ª(-–∞) –≤–Ω–∏–º–∞–Ω–∏–µ,–î–∞,–ù–µ –æ–±—Ä–∞—â–∞–ª(-–∞) –≤–Ω–∏–º–∞–Ω–∏–µ,–ù–µ –æ–±—Ä–∞—â–∞–ª(-–∞) –≤–Ω–∏–º–∞–Ω–∏–µ,–ü–µ—Ä–µ–≤–æ–∂—É –≤–∑–≥–ª—è–¥ —Ä–µ–∂–µ ( —Å–º–æ—Ç—Ä—é –≤ –æ–¥–Ω—É —Ç–æ—á–∫—É ),–î–∞,–ù–µ—Ç,–î–∞,"–ì–æ–ª–æ—Å —Å—Ç–∞–Ω–æ–≤–∏—Ç—Å—è –≤—ã—à–µ
–õ–∞–¥–æ—à–∫–∏ –ø–æ—Ç–µ—é—Ç"
1178213871,2022-07-08 21:11:36,–ú—É–∂—Å–∫–æ–π,67,–ù–µ –æ–±—Ä–∞—â–∞–ª(-–∞) –≤–Ω–∏–º–∞–Ω–∏–µ,–î–∞,–î–∞,–ù–µ –æ–±—Ä–∞—â–∞–ª(-–∞) –≤–Ω–∏–º–∞–Ω–∏–µ,–ü–µ—Ä–µ–≤–æ–∂—É –≤–∑–≥–ª—è–¥ —Ä–µ–∂–µ ( —Å–º–æ—Ç—Ä—é –≤ –æ–¥–Ω—É —Ç–æ—á–∫—É ),–ù–µ –æ–±—Ä–∞—â–∞–ª(-–∞) –≤–Ω–∏–º–∞–Ω–∏–µ,–î–∞,–ù–µ—Ç,
1178215327,2022-07-08 21:15:56,–ñ–µ–Ω—Å–∫–∏–π,21,–ù–µ—Ç,–ù–µ—Ç,–ù–µ—Ç,–ù–µ—Ç,–ù–µ –æ–±—Ä–∞—â–∞–ª(-–∞) –≤–Ω–∏–º–∞–Ω–∏–µ,–ù–µ—Ç,–ù–µ—Ç,–ù–µ—Ç,–ù–µ –∑–∞–º–µ—á–∞–ª–∞ –Ω–∏—á–µ–≥–æ –æ—Å–æ–±–µ–Ω–Ω–æ–≥–æ üëÄ
1178216070,2022-07-08 21:18:04,–ñ–µ–Ω—Å–∫–∏–π,32,–ù–µ –æ–±—Ä–∞—â–∞–ª(-–∞) –≤–Ω–∏–º–∞–Ω–∏–µ,–ù–µ –æ–±—Ä–∞—â–∞–ª(-–∞) –≤–Ω–∏–º–∞–Ω–∏–µ,–î–∞,–î–∞,–ù–µ –æ–±—Ä–∞—â–∞–ª(-–∞) –≤–Ω–∏–º–∞–Ω–∏–µ,–î–∞,–î–∞,–î–∞,
1178216818,2022-07-08 21:20:14,–ñ–µ–Ω—Å–∫–∏–π,44,–ú–æ—Ä–≥–∞—é —Ä–µ–∂–µ,–ù–µ—Ç,–î–∞,–ù–µ—Ç,–ù–µ—Ç,–ù–µ—Ç,–î–∞,–ù–µ—Ç,"–ê–ø–∞—Ç–∏—è,–¥–µ–ø—Ä–µ—Å—Å–∏—è,—Ç—Ä–µ–≤–æ–≥–∞"
1178217296,2022-07-08 21:21:40,–ú—É–∂—Å–∫–æ–π,19,–ú–æ—Ä–≥–∞—é —Ä–µ–∂–µ,–ù–µ—Ç,–ù–µ—Ç,–ù–µ—Ç,–î–∞,–ù–µ—Ç,–ù–µ—Ç,–ù–µ –æ–±—Ä–∞—â–∞–ª(-–∞) –≤–Ω–∏–º–∞–Ω–∏–µ,
1178219847,2022-07-08 21:29:11,–ñ–µ–Ω—Å–∫–∏–π,39,–î–∞,–î–∞,–ù–µ—Ç,–ù–µ—Ç,–î–∞,–ù–µ—Ç,–ù–µ—Ç,–ù–µ—Ç,
1178222042,2022-07-08 21:35:34,–ñ–µ–Ω—Å–∫–∏–π,25,–ù–µ –æ–±—Ä–∞—â–∞–ª(-–∞) –≤–Ω–∏–º–∞–Ω–∏–µ,–ù–µ—Ç,–î—ã—à—É —Ä–µ–∂–µ,–ö–∞—Å–∞—é—Å—å —Ä—É–∫–∞–º–∏ –ª–∏—Ü–∞ —Ä–µ–∂–µ,–î–∞,–ë–ª–µ–¥–Ω–µ—é,–ù–µ –æ–±—Ä–∞—â–∞–ª(-–∞) –≤–Ω–∏–º–∞–Ω–∏–µ,–î–∞,
1178222274,2022-07-08 21:36:12,–ú—É–∂—Å–∫–æ–π,22,–ù–µ—Ç,–ù–µ—Ç,–ù–µ—Ç,–ù–µ—Ç,–î–∞,–ù–µ—Ç,–î–∞,–ù–µ—Ç,–ó–∞–ø–∏–Ω–∞–Ω–∏—è –≤ —Ä–µ—á–∏
1178225158,2022-07-08 21:44:30,–ú—É–∂—Å–∫–æ–π,18,–ù–µ –æ–±—Ä–∞—â–∞–ª(-–∞) –≤–Ω–∏–º–∞–Ω–∏–µ,–ù–µ—Ç,–î–∞,–î–∞,–ù–µ –æ–±—Ä–∞—â–∞–ª(-–∞) –≤–Ω–∏–º–∞–Ω–∏–µ,–ù–µ—Ç,–ù–µ—Ç,–ù–µ—Ç,
1178225477,2022-07-08 21:45:27,–ñ–µ–Ω—Å–∫–∏–π,20,–ù–µ—Ç,–ù–µ—Ç,–ù–µ—Ç,–ù–µ –æ–±—Ä–∞—â–∞–ª(-–∞) –≤–Ω–∏–º–∞–Ω–∏–µ,–ù–µ—Ç,–ù–µ—Ç,–ù–µ –æ–±—Ä–∞—â–∞–ª(-–∞) –≤–Ω–∏–º–∞–Ω–∏–µ,–ù–µ—Ç,
1178226228,2022-07-08 21:47:41,–ú—É–∂—Å–∫–æ–π,20,–ù–µ—Ç,–ù–µ—Ç,–ù–µ—Ç,–î–∞,–î–∞,–ù–µ –æ–±—Ä–∞—â–∞–ª(-–∞) –≤–Ω–∏–º–∞–Ω–∏–µ,–ù–µ—Ç,–ù–µ—Ç,–ñ–∏–≤–æ—Ç –±–æ–ª–∏—Ç –Ω–∞—á–∏–Ω–∞–µ—Ç –Ω–µ–º–Ω–æ–≥–æ.
1178226517,2022-07-08 21:48:35,–ñ–µ–Ω—Å–∫–∏–π,30,–ù–µ –æ–±—Ä–∞—â–∞–ª(-–∞) –≤–Ω–∏–º–∞–Ω–∏–µ,–î–∞,–ù–µ –æ–±—Ä–∞—â–∞–ª(-–∞) –≤–Ω–∏–º–∞–Ω–∏–µ,–î–∞,–î–∞,–ù–µ –æ–±—Ä–∞—â–∞–ª(-–∞) –≤–Ω–∏–º–∞–Ω–∏–µ,–ù–µ –æ–±—Ä–∞—â–∞–ª(-–∞) –≤–Ω–∏–º–∞–Ω–∏–µ,–î–∞,"–ó–∞–ø–∏–Ω–∞—é—Å—å, —Ç–µ—Ä—è—é—Å—å –≤ —Å–ª–æ–≤–∞—Ö, –Ω–µ –º–æ–≥—É —á–µ—Ç–∫–æ —Å—Ñ–æ—Ä–º—É–ª–∏—Ä–æ–≤–∞—Ç—å —Å–≤–æ—é –º—ã—Å–ª—å)"
1178227394,2022-07-08 21:51:14,–ú—É–∂—Å–∫–æ–π,42,–ù–µ –æ–±—Ä–∞—â–∞–ª(-–∞) –≤–Ω–∏–º–∞–Ω–∏–µ,–ù–µ –æ–±—Ä–∞—â–∞–ª(-–∞) –≤–Ω–∏–º–∞–Ω–∏–µ,–î—ã—à—É —Ä–µ–∂–µ,–ö–∞—Å–∞—é—Å—å —Ä—É–∫–∞–º–∏ –ª–∏—Ü–∞ —Ä–µ–∂–µ,–î–∞,–ù–µ –æ–±—Ä–∞—â–∞–ª(-–∞) –≤–Ω–∏–º–∞–Ω–∏–µ,–ù–µ –æ–±—Ä–∞—â–∞–ª(-–∞) –≤–Ω–∏–º–∞–Ω–∏–µ,–ù–µ—Ç,
1178227954,2022-07-08 21:52:45,–ñ–µ–Ω—Å–∫–∏–π,20,–ù–µ –æ–±—Ä–∞—â–∞–ª(-–∞) –≤–Ω–∏–º–∞–Ω–∏–µ,–î–∞,–î–∞,–î–∞,–î–∞,–ù–µ –æ–±—Ä–∞—â–∞–ª(-–∞) –≤–Ω–∏–º–∞–Ω–∏–µ,–î–∞,–î–∞,–ø–µ—Ä–µ–±–∏—Ä–∞–Ω–∏–µ –ø–∞–ª—å—Ü–µ–≤ (–Ω–æ–≥—Ç–µ–π)
1178228354,2022-07-08 21:53:54,–ú—É–∂—Å–∫–æ–π,19,–ù–µ—Ç,–ù–µ –æ–±—Ä–∞—â–∞–ª(-–∞) –≤–Ω–∏–º–∞–Ω–∏–µ,–ù–µ—Ç,–ù–µ—Ç,–ù–µ –æ–±—Ä–∞—â–∞–ª(-–∞) –≤–Ω–∏–º–∞–Ω–∏–µ,–ù–µ—Ç,–î–∞,–ù–µ –æ–±—Ä–∞—â–∞–ª(-–∞) –≤–Ω–∏–º–∞–Ω–∏–µ,
1178228582,2022-07-08 21:54:35,–ñ–µ–Ω—Å–∫–∏–π,16,–ù–µ –æ–±—Ä–∞—â–∞–ª(-–∞) –≤–Ω–∏–º–∞–Ω–∏–µ,–ù–µ –æ–±—Ä–∞—â–∞–ª(-–∞) –≤–Ω–∏–º–∞–Ω–∏–µ,–ù–µ—Ç,–î–∞,–ü–µ—Ä–µ–≤–æ–∂—É –≤–∑–≥–ª—è–¥ —Ä–µ–∂–µ ( —Å–º–æ—Ç—Ä—é –≤ –æ–¥–Ω—É —Ç–æ—á–∫—É ),–î–∞,–î–∞,–î–∞,
1178229287,2022-07-08 21:56:37,–ú—É–∂—Å–∫–æ–π,19,–ú–æ—Ä–≥–∞—é —Ä–µ–∂–µ,–ù–µ—Ç,–î—ã—à—É —Ä–µ–∂–µ,–ù–µ –æ–±—Ä–∞—â–∞–ª(-–∞) –≤–Ω–∏–º–∞–Ω–∏–µ,–ù–µ—Ç,–î–∞,–î–∞,–î–∞,–Ω–µ–±–æ–ª—å—à–æ–π –≥–æ–ª–æ–¥
1178229390,2022-07-08 21:56:53,–ñ–µ–Ω—Å–∫–∏–π,56,–ù–µ—Ç,–ù–µ—Ç,–ù–µ –æ–±—Ä–∞—â–∞–ª(-–∞) –≤–Ω–∏–º–∞–Ω–∏–µ,–ù–µ –æ–±—Ä–∞—â–∞–ª(-–∞) –≤–Ω–∏–º–∞–Ω–∏–µ,–ü–µ—Ä–µ–≤–æ–∂—É –≤–∑–≥–ª—è–¥ —Ä–µ–∂–µ ( —Å–º–æ—Ç—Ä—é –≤ –æ–¥–Ω—É —Ç–æ—á–∫—É ),–ù–µ—Ç,–ù–µ—Ç,–ù–µ—Ç,–û—Ç—Å—É—Ç—Å—Ç–≤–∏–µ –∞–ø–ø–µ—Ç–∏—Ç–∞
1178229581,2022-07-08 21:57:30,–ú—É–∂—Å–∫–æ–π,38,–ù–µ—Ç,–ù–µ—Ç,–ù–µ—Ç,–ù–µ –æ–±—Ä–∞—â–∞–ª(-–∞) –≤–Ω–∏–º–∞–Ω–∏–µ,–ù–µ—Ç,–ù–µ—Ç,–ù–µ—Ç,–ù–µ—Ç,–•–æ–∂—É
1178229764,2022-07-08 21:57:57,–ú—É–∂—Å–∫–æ–π,19,–ù–µ –æ–±—Ä–∞—â–∞–ª(-–∞) –≤–Ω–∏–º–∞–Ω–∏–µ,–î–∞,–î–∞,–ù–µ –æ–±—Ä–∞—â–∞–ª(-–∞) –≤–Ω–∏–º–∞–Ω–∏–µ,–ù–µ –æ–±—Ä–∞—â–∞–ª(-–∞) –≤–Ω–∏–º–∞–Ω–∏–µ,–ù–µ –æ–±—Ä–∞—â–∞–ª(-–∞) –≤–Ω–∏–º–∞–Ω–∏–µ,–î–∞,–î–∞,
1178229758,2022-07-08 21:57:56,–ñ–µ–Ω—Å–∫–∏–π,39,–ù–µ –æ–±—Ä–∞—â–∞–ª(-–∞) –≤–Ω–∏–º–∞–Ω–∏–µ,–î–∞,–î–∞,–ù–µ –æ–±—Ä–∞—â–∞–ª(-–∞) –≤–Ω–∏–º–∞–Ω–∏–µ,–ù–µ –æ–±—Ä–∞—â–∞–ª(-–∞) –≤–Ω–∏–º–∞–Ω–∏–µ,–î–∞,–î–∞,–ù–µ –æ–±—Ä–∞—â–∞–ª(-–∞) –≤–Ω–∏–º–∞–Ω–∏–µ,"–û—â—É—â–∞—é —Ç—Ä–µ–≤–æ–≥—É, —É—Å–∫–æ—Ä—è–µ—Ç—Å—è –≤—Ä–µ–º—è, —á–∞—â–µ —Ç—Ä–æ–≥–∞—é –ª–∏—Ü–æ –∏ –≥–æ–ª–æ–≤—É, –≤–∑–¥—ã—Ö–∞—é"
1178230107,2022-07-08 21:58:53,–ú—É–∂—Å–∫–æ–π,25,–ù–µ—Ç,–î–∞,–ù–µ—Ç,–ù–µ—Ç,–ù–µ—Ç,–î–∞,–î–∞,–ù–µ—Ç,
1178232637,2022-07-08 22:06:07,–ú—É–∂—Å–∫–æ–π,19,–ú–æ—Ä–≥–∞—é —Ä–µ–∂–µ,–ù–µ—Ç,–î–∞,–î–∞,–ü–µ—Ä–µ–≤–æ–∂—É –≤–∑–≥–ª—è–¥ —Ä–µ–∂–µ ( —Å–º–æ—Ç—Ä—é –≤ –æ–¥–Ω—É —Ç–æ—á–∫—É ),–ù–µ—Ç,–ù–µ—Ç,–ù–µ—Ç,
1178232681,2022-07-08 22:06:15,–ú—É–∂—Å–∫–æ–π,23,–î–∞,–î–∞,–î–∞,–î–∞,–î–∞,–î–∞,–î–∞,–î–∞,"1) –†–∞—Å—Å–µ—è–Ω–Ω–æ–µ –≤–Ω–∏–º–∞–Ω–∏–µ, —Ç.–µ. —Å–ª–æ–∂–Ω–æ —Å–∫–æ–Ω—Ü–µ–Ω—Ç—Ä–∏—Ä–æ–≤–∞—Ç—å—Å—è –Ω–∞ —á–µ–º-—Ç–æ –æ–¥–Ω–æ–º, –º—ã—Å–ª–∏ –ø—É—Ç–∞—é—Ç—Å—è.
2) –ü–æ–≤–µ—Ä—Ö–Ω–æ—Å—Ç–Ω–æ–µ –¥—ã—Ö–∞–Ω–∏–µ, –∏–∑-–∑–∞ —á–µ–≥–æ –∫–∞–∂–µ—Ç—Å—è, —á—Ç–æ –Ω–µ —Ö–≤–∞—Ç–∞–µ—Ç –≤–æ–∑–¥—É—Ö–∞.
3) –£–≤–µ–ª–∏—á–∏–≤–∞–µ—Ç—Å—è –∫–æ–ª–∏—á–µ—Å—Ç–≤–æ —Å–ª–æ–≤ ""–ø–∞—Ä–∞–∑–∏—Ç–æ–≤"" –≤ —Ä–µ—á–∏."
1178232930,2022-07-08 22:07:00,–ñ–µ–Ω—Å–∫–∏–π,18,–ù–µ –æ–±—Ä–∞—â–∞–ª(-–∞) –≤–Ω–∏–º–∞–Ω–∏–µ,–î–∞,–î–∞,–ù–µ—Ç,–î–∞,–î–∞,–î–∞,–ù–µ—Ç,
1178233040,2022-07-08 22:07:18,–ú—É–∂—Å–∫–æ–π,18,–ù–µ –æ–±—Ä–∞—â–∞–ª(-–∞) –≤–Ω–∏–º–∞–Ω–∏–µ,–ù–µ –æ–±—Ä–∞—â–∞–ª(-–∞) –≤–Ω–∏–º–∞–Ω–∏–µ,–ù–µ –æ–±—Ä–∞—â–∞–ª(-–∞) –≤–Ω–∏–º–∞–Ω–∏–µ,–î–∞,–ù–µ –æ–±—Ä–∞—â–∞–ª(-–∞) –≤–Ω–∏–º–∞–Ω–∏–µ,–î–∞,–ù–µ –æ–±—Ä–∞—â–∞–ª(-–∞) –≤–Ω–∏–º–∞–Ω–∏–µ,–î–∞,
1178233212,2022-07-08 22:07:48,–ñ–µ–Ω—Å–∫–∏–π,30,–ù–µ—Ç,–î–∞,–î–∞,–ù–µ—Ç,–î–∞,–î–∞,–î–∞,–î–∞,
1178233207,2022-07-08 22:07:47,–ñ–µ–Ω—Å–∫–∏–π,18,–ù–µ—Ç,–î–∞,–î–∞,–ö–∞—Å–∞—é—Å—å —Ä—É–∫–∞–º–∏ –ª–∏—Ü–∞ —Ä–µ–∂–µ,–î–∞,–ù–µ—Ç,–î–∞,–î–∞,"–ù–∞—Ö–æ–¥—è—Å—å –≤ —Å—Ç—Ä–µ—Å—Å–µ —è —Ç–∞–∫–∂–µ –Ω–µ –º–æ–≥—É —Å–æ—Å—Ä–µ–¥–æ—Ç–æ—á–∏—Ç—å –≤–Ω–∏–º–∞–Ω–∏–µ –Ω–∞ —á–µ–º –ª–∏–±–æ –∫—Ä–æ–º–µ –ø—Ä–∏—á–∏–Ω—ã —Å–≤–æ–µ–≥–æ —Å–æ—Å—Ç–æ—è–Ω–∏—è
–ë–ª–∞–≥–æ–¥–∞—Ä—é –∑–∞ –æ–ø—Ä–æ—Å :–∑"
1178233407,2022-07-08 22:08:23,–ñ–µ–Ω—Å–∫–∏–π,24,–ù–µ –æ–±—Ä–∞—â–∞–ª(-–∞) –≤–Ω–∏–º–∞–Ω–∏–µ,–ù–µ –æ–±—Ä–∞—â–∞–ª(-–∞) –≤–Ω–∏–º–∞–Ω–∏–µ,–ù–µ –æ–±—Ä–∞—â–∞–ª(-–∞) –≤–Ω–∏–º–∞–Ω–∏–µ,–ù–µ –æ–±—Ä–∞—â–∞–ª(-–∞) –≤–Ω–∏–º–∞–Ω–∏–µ,–ù–µ –æ–±—Ä–∞—â–∞–ª(-–∞) –≤–Ω–∏–º–∞–Ω–∏–µ,–ù–µ –æ–±—Ä–∞—â–∞–ª(-–∞) –≤–Ω–∏–º–∞–Ω–∏–µ,–î–∞,–î–∞,
1178235621,2022-07-08 22:14:56,–ñ–µ–Ω—Å–∫–∏–π,28,–ù–µ—Ç,–î–∞,–î–∞,–ù–µ –æ–±—Ä–∞—â–∞–ª(-–∞) –≤–Ω–∏–º–∞–Ω–∏–µ,–î–∞,–î–∞,–ù–µ—Ç,–ù–µ –æ–±—Ä–∞—â–∞–ª(-–∞) –≤–Ω–∏–º–∞–Ω–∏–µ,"–ü–æ—Å—Ç–æ—è–Ω–Ω–æ–µ –≤–Ω—É—Ç—Ä–µ–Ω–Ω–µ–µ –Ω–∞–ø—Ä—è–∂–µ–Ω–∏–µ, —Å—Ç—Ä–∞—Ö, —Ç—Ä–µ–≤–æ–≥–∞. –û–æ—á–µ–Ω—å –º–Ω–æ–≥–æ –µ–º, —á—Ç–æ-—Ç–æ –∂—É—é –ø–æ—Å—Ç–æ—è–Ω–Ω–æ, –Ω–∞–ª–µ–≥–∞—é –Ω–∞ —Å–ª–∞–¥–∫–æ–µ. –ù–µ —Å–ø–ª—é –ø–æ –Ω–æ—á–∞–º, –æ—Ç–∫–ª–∞–¥—ã–≤–∞—é –æ—Ç—Ö–æ–¥ –∫–æ —Å–Ω—É.
–ù–µ –º–æ–≥—É —É—Å–ø–æ–∫–æ–∏—Ç—å—Å—è, –µ—Å–ª–∏ –∏ –¥–µ–ª–∞—é —á—Ç–æ-—Ç–æ, —Ç–æ —Ç–æ—Ä–æ–ø—è—Å—å, —Å—É–µ—Ç–ª–∏–≤–æ."
1178236640,2022-07-08 22:18:09,–ñ–µ–Ω—Å–∫–∏–π,58,–ù–µ –æ–±—Ä–∞—â–∞–ª(-–∞) –≤–Ω–∏–º–∞–Ω–∏–µ,–î–∞,–ù–µ –æ–±—Ä–∞—â–∞–ª(-–∞) –≤–Ω–∏–º–∞–Ω–∏–µ,–î–∞,–ù–µ –æ–±—Ä–∞—â–∞–ª(-–∞) –≤–Ω–∏–º–∞–Ω–∏–µ,–ë–ª–µ–¥–Ω–µ—é,–î–∞,–ù–µ—Ç,"–†–µ—á—å —Å—Ç–∞–Ω–æ–≤–∏—Ç—Å—è –º–µ–Ω–µ–µ –≤–Ω—è—Ç–Ω–æ–π, –Ω–∞—á–∏–Ω–∞—é –ø–æ–¥–±–∏—Ä–∞—Ç—å —Å–ª–æ–≤–∞"
1178237163,2022-07-08 22:19:47,–ñ–µ–Ω—Å–∫–∏–π,22,–ù–µ –æ–±—Ä–∞—â–∞–ª(-–∞) –≤–Ω–∏–º–∞–Ω–∏–µ,–î–∞,–î–∞,–ù–µ –æ–±—Ä–∞—â–∞–ª(-–∞) –≤–Ω–∏–º–∞–Ω–∏–µ,–ü–µ—Ä–µ–≤–æ–∂—É –≤–∑–≥–ª—è–¥ —Ä–µ–∂–µ ( —Å–º–æ—Ç—Ä—é –≤ –æ–¥–Ω—É —Ç–æ—á–∫—É ),–ë–ª–µ–¥–Ω–µ—é,–ù–µ—Ç,–ù–µ—Ç,
1178237391,2022-07-08 22:20:33,–ñ–µ–Ω—Å–∫–∏–π,23,–ù–µ –æ–±—Ä–∞—â–∞–ª(-–∞) –≤–Ω–∏–º–∞–Ω–∏–µ,–î–∞,–î–∞,–î–∞,–ù–µ –æ–±—Ä–∞—â–∞–ª(-–∞) –≤–Ω–∏–º–∞–Ω–∏–µ,–ù–µ –æ–±—Ä–∞—â–∞–ª(-–∞) –≤–Ω–∏–º–∞–Ω–∏–µ,–î–∞,–ù–µ –æ–±—Ä–∞—â–∞–ª(-–∞) –≤–Ω–∏–º–∞–Ω–∏–µ,–û–∑–Ω–æ–±
1178237607,2022-07-08 22:21:12,–ú—É–∂—Å–∫–æ–π,32,–ù–µ—Ç,–ù–µ –æ–±—Ä–∞—â–∞–ª(-–∞) –≤–Ω–∏–º–∞–Ω–∏–µ,–ù–µ—Ç,–ö–∞—Å–∞—é—Å—å —Ä—É–∫–∞–º–∏ –ª–∏—Ü–∞ —Ä–µ–∂–µ,–ù–µ—Ç,–ù–µ—Ç,–ù–µ –æ–±—Ä–∞—â–∞–ª(-–∞) –≤–Ω–∏–º–∞–Ω–∏–µ,–ù–µ—Ç,
1178239371,2022-07-08 22:26:49,–ñ–µ–Ω—Å–∫–∏–π,47,–ù–µ—Ç,–î–∞,–ù–µ –æ–±—Ä–∞—â–∞–ª(-–∞) –≤–Ω–∏–º–∞–Ω–∏–µ,–ù–µ—Ç,–î–∞,–ù–µ –æ–±—Ä–∞—â–∞–ª(-–∞) –≤–Ω–∏–º–∞–Ω–∏–µ,–î–∞,–ù–µ—Ç,"–ì—Ä—ã–∑—É –Ω–æ–≥—Ç–∏,–¥—ë—Ä–≥–∞—é –Ω–æ–≥–æ–π"
1178240207,2022-07-08 22:29:38,–ú—É–∂—Å–∫–æ–π,23,–ù–µ –æ–±—Ä–∞—â–∞–ª(-–∞) –≤–Ω–∏–º–∞–Ω–∏–µ,–î–∞,–î–∞,–ù–µ –æ–±—Ä–∞—â–∞–ª(-–∞) –≤–Ω–∏–º–∞–Ω–∏–µ,–ü–µ—Ä–µ–≤–æ–∂—É –≤–∑–≥–ª—è–¥ —Ä–µ–∂–µ ( —Å–º–æ—Ç—Ä—é –≤ –æ–¥–Ω—É —Ç–æ—á–∫—É ),–î–∞,–î–∞,–î–∞,
1178240845,2022-07-08 22:31:33,–ñ–µ–Ω—Å–∫–∏–π,50,–ù–µ—Ç,–î–∞,–ù–µ –æ–±—Ä–∞—â–∞–ª(-–∞) –≤–Ω–∏–º–∞–Ω–∏–µ,–ù–µ –æ–±—Ä–∞—â–∞–ª(-–∞) –≤–Ω–∏–º–∞–Ω–∏–µ,–ù–µ –æ–±—Ä–∞—â–∞–ª(-–∞) –≤–Ω–∏–º–∞–Ω–∏–µ,–ù–µ—Ç,–ù–µ—Ç,–ù–µ—Ç,
1178241380,2022-07-08 22:33:19,–ñ–µ–Ω—Å–∫–∏–π,51,–ù–µ—Ç,–ù–µ—Ç,–î–∞,–ù–µ—Ç,–ù–µ –æ–±—Ä–∞—â–∞–ª(-–∞) –≤–Ω–∏–º–∞–Ω–∏–µ,–î–∞,–î–∞,–ù–µ—Ç,
1178241537,2022-07-08 22:33:50,–ñ–µ–Ω—Å–∫–∏–π,38,–ù–µ—Ç,–ù–µ—Ç,–î–∞,–î–∞,–î–∞,–ù–µ—Ç,–î–∞,–ù–µ—Ç,
1178242199,2022-07-08 22:35:44,–ñ–µ–Ω—Å–∫–∏–π,21,–ù–µ –æ–±—Ä–∞—â–∞–ª(-–∞) –≤–Ω–∏–º–∞–Ω–∏–µ,–î–∞,–ù–µ –æ–±—Ä–∞—â–∞–ª(-–∞) –≤–Ω–∏–º–∞–Ω–∏–µ,–î–∞,–ù–µ –æ–±—Ä–∞—â–∞–ª(-–∞) –≤–Ω–∏–º–∞–Ω–∏–µ,–ë–ª–µ–¥–Ω–µ—é,–î–∞,–ù–µ –æ–±—Ä–∞—â–∞–ª(-–∞) –≤–Ω–∏–º–∞–Ω–∏–µ,
1178242216,2022-07-08 22:35:46,–ñ–µ–Ω—Å–∫–∏–π,,–ù–µ –æ–±—Ä–∞—â–∞–ª(-–∞) –≤–Ω–∏–º–∞–Ω–∏–µ,–î–∞,–ù–µ –æ–±—Ä–∞—â–∞–ª(-–∞) –≤–Ω–∏–º–∞–Ω–∏–µ,–ù–µ –æ–±—Ä–∞—â–∞–ª(-–∞) –≤–Ω–∏–º–∞–Ω–∏–µ,–ü–µ—Ä–µ–≤–æ–∂—É –≤–∑–≥–ª—è–¥ —Ä–µ–∂–µ ( —Å–º–æ—Ç—Ä—é –≤ –æ–¥–Ω—É —Ç–æ—á–∫—É ),–ù–µ—Ç,–î–∞,–ù–µ—Ç,
1178242375,2022-07-08 22:36:18,–ñ–µ–Ω—Å–∫–∏–π,20,–ù–µ—Ç,–ù–µ—Ç,–î–∞,–ù–µ –æ–±—Ä–∞—â–∞–ª(-–∞) –≤–Ω–∏–º–∞–Ω–∏–µ,–ù–µ –æ–±—Ä–∞—â–∞–ª(-–∞) –≤–Ω–∏–º–∞–Ω–∏–µ,–ë–ª–µ–¥–Ω–µ—é,–î–∞,–î–∞,"–¢—Ä—è—Å–µ—Ç—Å—è –≤—Å—ë —Ç–µ–ª–æ, —Ä–µ–∑–∫–æ–µ –∂–µ–ª–∞–Ω–∏–µ —É–±—Ä–∞—Ç—å—Å—è –∏ –ø—Ä–∏–≤–µ—Å—Ç–∏ –≤—Å—ë –≤–æ–∫—Ä—É–≥ –≤ –∏–¥–µ–∞–ª—å–Ω—ã–π –≤–∏–¥."
1178242629,2022-07-08 22:37:08,–ñ–µ–Ω—Å–∫–∏–π,49,–ù–µ –æ–±—Ä–∞—â–∞–ª(-–∞) –≤–Ω–∏–º–∞–Ω–∏–µ,–ù–µ—Ç,–î–∞,–î–∞,–ù–µ –æ–±—Ä–∞—â–∞–ª(-–∞) –≤–Ω–∏–º–∞–Ω–∏–µ,–ù–µ—Ç,–î–∞,–ù–µ –æ–±—Ä–∞—â–∞–ª(-–∞) –≤–Ω–∏–º–∞–Ω–∏–µ,
1178243087,2022-07-08 22:38:42,–ñ–µ–Ω—Å–∫–∏–π,27,–ù–µ –æ–±—Ä–∞—â–∞–ª(-–∞) –≤–Ω–∏–º–∞–Ω–∏–µ,–î–∞,–î–∞,–î–∞,–ù–µ –æ–±—Ä–∞—â–∞–ª(-–∞) –≤–Ω–∏–º–∞–Ω–∏–µ,–ù–µ—Ç,–î–∞,–î–∞,"–î—Ä–æ–∂—å –ø–æ –≤—Å–µ–º—É —Ç–µ–ª—É, –æ–∑–Ω–æ–±, –∂–µ–ª–∞–Ω–∏–µ —É–±—Ä–∞—Ç—å—Å—è –≤–æ–∫—Ä—É–≥"
1178243201,2022-07-08 22:39:05,–ñ–µ–Ω—Å–∫–∏–π,28,–ù–µ –æ–±—Ä–∞—â–∞–ª(-–∞) –≤–Ω–∏–º–∞–Ω–∏–µ,–î–∞,–î–∞,–î–∞,–ù–µ—Ç,–ù–µ –æ–±—Ä–∞—â–∞–ª(-–∞) –≤–Ω–∏–º–∞–Ω–∏–µ,–ù–µ –æ–±—Ä–∞—â–∞–ª(-–∞) –≤–Ω–∏–º–∞–Ω–∏–µ,–ù–µ –æ–±—Ä–∞—â–∞–ª(-–∞) –≤–Ω–∏–º–∞–Ω–∏–µ,
1178245745,2022-07-08 22:47:55,–ñ–µ–Ω—Å–∫–∏–π,35,–ù–µ –æ–±—Ä–∞—â–∞–ª(-–∞) –≤–Ω–∏–º–∞–Ω–∏–µ,–î–∞,–ù–µ –æ–±—Ä–∞—â–∞–ª(-–∞) –≤–Ω–∏–º–∞–Ω–∏–µ,–ù–µ –æ–±—Ä–∞—â–∞–ª(-–∞) –≤–Ω–∏–º–∞–Ω–∏–µ,–î–∞,–î–∞,–î–∞,–ù–µ—Ç,
1178247646,2022-07-08 22:54:25,–ñ–µ–Ω—Å–∫–∏–π,,–ù–µ –æ–±—Ä–∞—â–∞–ª(-–∞) –≤–Ω–∏–º–∞–Ω–∏–µ,–î–∞,–î–∞,–ù–µ—Ç,–ù–µ –æ–±—Ä–∞—â–∞–ª(-–∞) –≤–Ω–∏–º–∞–Ω–∏–µ,–î–∞,,–î–∞,
1178248163,2022-07-08 22:56:25,–ñ–µ–Ω—Å–∫–∏–π,20,–ù–µ –æ–±—Ä–∞—â–∞–ª(-–∞) –≤–Ω–∏–º–∞–Ω–∏–µ,–î–∞,–î–∞,–î–∞,–î–∞,–ë–ª–µ–¥–Ω–µ—é,–î–∞,–î–∞,"–ó–∞–Ω–∏–º–∞—é—Å—å –º–µ–ª–∫–∏–º –≤—Ä–µ–¥–∏—Ç–µ–ª—å—Å—Ç–≤–æ–º —Å–≤–æ–µ–≥–æ —Ç–µ–ª–∞. –í—ã–¥–∏—Ä–∞—Ç—å –≤–æ–ª–æ—Å–∫–∏, –∫–æ–≤—ã—Ä—è—Ç—å –±–æ–ª—è—á–∫—É –∏ —Ç.–¥."
1178248695,2022-07-08 22:58:24,–ñ–µ–Ω—Å–∫–∏–π,,–ù–µ—Ç,–ù–µ—Ç,–î–∞,–ù–µ—Ç,–î–∞,–ù–µ—Ç,–î–∞,–ù–µ—Ç,
1178249012,2022-07-08 22:59:32,–ú—É–∂—Å–∫–æ–π,22,–ù–µ—Ç,–î–∞,–î–∞,–î–∞,–î–∞,–ù–µ—Ç,–ù–µ—Ç,–ù–µ –æ–±—Ä–∞—â–∞–ª(-–∞) –≤–Ω–∏–º–∞–Ω–∏–µ,
1178250181,2022-07-08 23:03:41,–ñ–µ–Ω—Å–∫–∏–π,19,–ù–µ –æ–±—Ä–∞—â–∞–ª(-–∞) –≤–Ω–∏–º–∞–Ω–∏–µ,–ù–µ—Ç,–î–∞,–ù–µ—Ç,–ù–µ –æ–±—Ä–∞—â–∞–ª(-–∞) –≤–Ω–∏–º–∞–Ω–∏–µ,–ù–µ—Ç,–î–∞,–î–∞,–¥—Ä–æ–∂–∞—â–∏–π –≥–æ–ª–æ—Å
1178251322,2022-07-08 23:08:10,–ñ–µ–Ω—Å–∫–∏–π,21,–ù–µ –æ–±—Ä–∞—â–∞–ª(-–∞) –≤–Ω–∏–º–∞–Ω–∏–µ,–î–∞,–î–∞,–ù–µ—Ç,–ù–µ –æ–±—Ä–∞—â–∞–ª(-–∞) –≤–Ω–∏–º–∞–Ω–∏–µ,–î–∞,–î–∞,–ù–µ—Ç,
1178252204,2022-07-08 23:11:40,–ñ–µ–Ω—Å–∫–∏–π,19,–ù–µ—Ç,–î–∞,–î–∞,–ù–µ –æ–±—Ä–∞—â–∞–ª(-–∞) –≤–Ω–∏–º–∞–Ω–∏–µ,–ù–µ –æ–±—Ä–∞—â–∞–ª(-–∞) –≤–Ω–∏–º–∞–Ω–∏–µ,–ù–µ—Ç,–ù–µ—Ç,–î–∞,
1178252291,2022-07-08 23:12:03,–ú—É–∂—Å–∫–æ–π,23,–ù–µ –æ–±—Ä–∞—â–∞–ª(-–∞) –≤–Ω–∏–º–∞–Ω–∏–µ,–ù–µ –æ–±—Ä–∞—â–∞–ª(-–∞) –≤–Ω–∏–º–∞–Ω–∏–µ,–ù–µ—Ç,–î–∞,–î–∞,–ù–µ—Ç,–î–∞,–ù–µ—Ç,–ü–µ—Ä–µ—Ö–≤–∞—Ç—ã–≤–∞–µ—Ç –¥—ã—Ö–∞–Ω–∏–µ
1178255064,2022-07-08 23:23:16,–ñ–µ–Ω—Å–∫–∏–π,32,–ù–µ –æ–±—Ä–∞—â–∞–ª(-–∞) –≤–Ω–∏–º–∞–Ω–∏–µ,–ù–µ—Ç,–î–∞,–î–∞,–ù–µ –æ–±—Ä–∞—â–∞–ª(-–∞) –≤–Ω–∏–º–∞–Ω–∏–µ,–ù–µ—Ç,–î–∞,–ù–µ—Ç,
1178256382,2022-07-08 23:28:47,–ñ–µ–Ω—Å–∫–∏–π,20,–ù–µ –æ–±—Ä–∞—â–∞–ª(-–∞) –≤–Ω–∏–º–∞–Ω–∏–µ,–î–∞,–ù–µ—Ç,–î–∞,–ù–µ –æ–±—Ä–∞—â–∞–ª(-–∞) –≤–Ω–∏–º–∞–Ω–∏–µ,–ù–µ—Ç,–î–∞,–ù–µ—Ç,–ö—Ä–∞—Å–Ω—ã–µ –≥–ª–∞–∑–∞ –ø–æ—Å–ª–µ 2—á–∞—Å–æ–≤–æ–≥–æ —Å–Ω–∞ –∏ –æ–≥—Ä–æ–º–Ω–æ–µ –∫–æ–ª–∏—á–µ—Å—Ç–≤–æ –∫—Ä—É–∂–µ–∫ –∫–æ—Ñ–µ —Ä—è–¥–æ–º
1178257010,2022-07-08 23:31:17,–ñ–µ–Ω—Å–∫–∏–π,,–ù–µ—Ç,–ù–µ—Ç,–ù–µ –æ–±—Ä–∞—â–∞–ª(-–∞) –≤–Ω–∏–º–∞–Ω–∏–µ,–ù–µ—Ç,–î–∞,–ù–µ—Ç,–î–∞,–ù–µ—Ç,
1178257754,2022-07-08 23:34:39,–ñ–µ–Ω—Å–∫–∏–π,35,–ù–µ –æ–±—Ä–∞—â–∞–ª(-–∞) –≤–Ω–∏–º–∞–Ω–∏–µ,–î–∞,–ù–µ –æ–±—Ä–∞—â–∞–ª(-–∞) –≤–Ω–∏–º–∞–Ω–∏–µ,–î–∞,–î–∞,–ù–µ—Ç,–ù–µ—Ç,–ù–µ—Ç,
1178257295,2022-07-08 23:32:38,–ñ–µ–Ω—Å–∫–∏–π,21,–ù–µ—Ç,–ù–µ—Ç,–ù–µ –æ–±—Ä–∞—â–∞–ª(-–∞) –≤–Ω–∏–º–∞–Ω–∏–µ,–î–∞,–ù–µ –æ–±—Ä–∞—â–∞–ª(-–∞) –≤–Ω–∏–º–∞–Ω–∏–µ,–ù–µ—Ç,–î–∞,–ù–µ—Ç,–£—á–∞—â–µ–Ω–Ω–æ–µ —Å–µ—Ä–¥—Ü–µ–±–∏–µ–Ω–∏–µ
1178258146,2022-07-08 23:36:28,–ñ–µ–Ω—Å–∫–∏–π,18,–ù–µ –æ–±—Ä–∞—â–∞–ª(-–∞) –≤–Ω–∏–º–∞–Ω–∏–µ,–î–∞,–î–∞,–î–∞,–ü–µ—Ä–µ–≤–æ–∂—É –≤–∑–≥–ª—è–¥ —Ä–µ–∂–µ ( —Å–º–æ—Ç—Ä—é –≤ –æ–¥–Ω—É —Ç–æ—á–∫—É ),–ù–µ –æ–±—Ä–∞—â–∞–ª(-–∞) –≤–Ω–∏–º–∞–Ω–∏–µ,–î–∞,–î–∞,
1178259068,2022-07-08 23:40:42,–ú—É–∂—Å–∫–æ–π,,–ú–æ—Ä–≥–∞—é —Ä–µ–∂–µ,–î–∞,–ù–µ—Ç,–î–∞,–ü–µ—Ä–µ–≤–æ–∂—É –≤–∑–≥–ª—è–¥ —Ä–µ–∂–µ ( —Å–º–æ—Ç—Ä—é –≤ –æ–¥–Ω—É —Ç–æ—á–∫—É ),–ù–µ—Ç,–ù–µ—Ç,–ù–µ—Ç,
1178260071,2022-07-08 23:45:42,–ñ–µ–Ω—Å–∫–∏–π,25,–ù–µ—Ç,–î–∞,–î–∞,–ù–µ –æ–±—Ä–∞—â–∞–ª(-–∞) –≤–Ω–∏–º–∞–Ω–∏–µ,–ù–µ –æ–±—Ä–∞—â–∞–ª(-–∞) –≤–Ω–∏–º–∞–Ω–∏–µ,–ù–µ –æ–±—Ä–∞—â–∞–ª(-–∞) –≤–Ω–∏–º–∞–Ω–∏–µ,–î–∞,–ù–µ –æ–±—Ä–∞—â–∞–ª(-–∞) –≤–Ω–∏–º–∞–Ω–∏–µ,"–ü–æ–≤—ã—à–µ–Ω–Ω–∞—è —Ç–µ–º–ø–µ—Ä–∞—Ç—É—Ä–∞ —Ç–µ–ª–∞, –Ω–∞–≤—è–∑—á–∏–≤—ã–µ –º—ã—Å–ª–∏, —Å–∫–ª–æ–Ω–Ω–æ—Å—Ç—å –≤–∏–¥–µ—Ç—å –∏ —Ä–∞—Å—Å—É–∂–¥–∞—Ç—å –≤ –Ω–µ–≥–∞—Ç–∏–≤–Ω–æ–º –∫–ª—é—á–µ, –∂–µ–ª–∞–Ω–∏–µ ¬´–∑–∞–±–∏—Ç—å—Å—è –≤ —É–≥–æ–ª¬ª –æ—Ç –ø–æ—Å—Ç–æ—Ä–æ–Ω–Ω–∏—Ö, –æ—Ç—Å—É—Ç—Å—Ç–≤–∏–µ –∫–∞–∫–æ–π –ª–∏–±–æ –º–æ—Ç–∏–≤–∞—Ü–∏–∏ –∫ —á–µ–º—É-–ª–∏–±–æ, –æ—Ç—Å—É—Ç—Å—Ç–≤–∏–µ –∞–ø–ø–µ—Ç–∏—Ç–∞ –∏–ª–∏ –Ω–∞–æ–±–æ—Ä–æ—Ç ¬´–∑–∞–µ–¥–∞–Ω–∏–µ¬ª –Ω–µ–≥–∞—Ç–∏–≤–Ω—ã—Ö —ç–º–æ—Ü–∏–π, –ø–æ–≤—ã—à–µ–Ω–Ω–∞—è —É—Ç–æ–º–ª—è–µ–º–æ—Å—Ç—å, —Ä–µ–∑–∫–æ—Å—Ç—å –∏ —á–∞—Å—Ç–∞—è —Ä–∞–∑–¥—Ä–∞–∂—ë–Ω–Ω–æ—Å—Ç—å, —É—Å–∏–ª–µ–Ω–Ω–æ–µ –ø–æ—Ç–æ–æ—Ç–¥–µ–ª–µ–Ω–∏–µ, —Å–ª–∞–±–æ—Å—Ç—å –≤ –º—ã—à—Ü–∞—Ö, –≤–Ω–µ–∑–∞–ø–Ω–æ –≤–æ–∑–Ω–∏–∫–∞—é—â–∞—è —Ç—Ä–µ–≤–æ–∂–Ω–æ—Å—Ç—å –∏ –Ω–µ–ø–æ–Ω–∏–º–∞–Ω–∏–µ –ø–æ –∫–∞–∫–æ–π –ø—Ä–∏—á–∏–Ω–µ –∏ —Ç.–¥."
1178260113,2022-07-08 23:45:58,–ú—É–∂—Å–∫–æ–π,30,–ù–µ—Ç,–î–∞,–î–∞,–ù–µ –æ–±—Ä–∞—â–∞–ª(-–∞) –≤–Ω–∏–º–∞–Ω–∏–µ,–ü–µ—Ä–µ–≤–æ–∂—É –≤–∑–≥–ª—è–¥ —Ä–µ–∂–µ ( —Å–º–æ—Ç—Ä—é –≤ –æ–¥–Ω—É —Ç–æ—á–∫—É ),–ù–µ –æ–±—Ä–∞—â–∞–ª(-–∞) –≤–Ω–∏–º–∞–Ω–∏–µ,–ù–µ—Ç,–ù–µ—Ç,
1178262540,2022-07-08 23:59:08,–ñ–µ–Ω—Å–∫–∏–π,40,–ù–µ –æ–±—Ä–∞—â–∞–ª(-–∞) –≤–Ω–∏–º–∞–Ω–∏–µ,–î–∞,–î–∞,–ù–µ –æ–±—Ä–∞—â–∞–ª(-–∞) –≤–Ω–∏–º–∞–Ω–∏–µ,–ù–µ –æ–±—Ä–∞—â–∞–ª(-–∞) –≤–Ω–∏–º–∞–Ω–∏–µ,–î–∞,–î–∞,–ù–µ –æ–±—Ä–∞—â–∞–ª(-–∞) –≤–Ω–∏–º–∞–Ω–∏–µ,
1178263626,2022-07-09 00:06:19,–ñ–µ–Ω—Å–∫–∏–π,26,–ù–µ—Ç,–ù–µ—Ç,–î–∞,–ù–µ—Ç,–ü–µ—Ä–µ–≤–æ–∂—É –≤–∑–≥–ª—è–¥ —Ä–µ–∂–µ ( —Å–º–æ—Ç—Ä—é –≤ –æ–¥–Ω—É —Ç–æ—á–∫—É ),–ë–ª–µ–¥–Ω–µ—é,–î–∞,–ù–µ—Ç,
1178265079,2022-07-09 00:15:32,–ñ–µ–Ω—Å–∫–∏–π,20,–ù–µ –æ–±—Ä–∞—â–∞–ª(-–∞) –≤–Ω–∏–º–∞–Ω–∏–µ,–î–∞,–ù–µ—Ç,–ù–µ—Ç,–î–∞,–î–∞,–ù–µ—Ç,–î–∞,
1178268491,2022-07-09 00:40:36,–ú—É–∂—Å–∫–æ–π,21,–ù–µ –æ–±—Ä–∞—â–∞–ª(-–∞) –≤–Ω–∏–º–∞–Ω–∏–µ,–ù–µ –æ–±—Ä–∞—â–∞–ª(-–∞) –≤–Ω–∏–º–∞–Ω–∏–µ,–ù–µ—Ç,–ù–µ—Ç,–ù–µ –æ–±—Ä–∞—â–∞–ª(-–∞) –≤–Ω–∏–º–∞–Ω–∏–µ,–î–∞,–ù–µ—Ç,–î–∞,
1178266839,2022-07-09 00:27:56,–ú—É–∂—Å–∫–æ–π,32,–ú–æ—Ä–≥–∞—é —Ä–µ–∂–µ,–ù–µ—Ç,–ù–µ—Ç,–ù–µ—Ç,–ù–µ—Ç,–î–∞,–ù–µ—Ç,–ù–µ—Ç,–ë–æ–ª—å—à–µ –Ω–µ—Ç –ø—Ä–∏–∑–Ω–∞–∫–æ–≤.
1178268056,2022-07-09 00:37:09,–ú—É–∂—Å–∫–æ–π,23,–ù–µ –æ–±—Ä–∞—â–∞–ª(-–∞) –≤–Ω–∏–º–∞–Ω–∏–µ,–ù–µ—Ç,–ù–µ –æ–±—Ä–∞—â–∞–ª(-–∞) –≤–Ω–∏–º–∞–Ω–∏–µ,–ù–µ—Ç,–î–∞,–î–∞,–î–∞,–î–∞,
1178274234,2022-07-09 01:40:41,–ñ–µ–Ω—Å–∫–∏–π,48,–ù–µ—Ç,–î–∞,–ù–µ—Ç,–î–∞,–ù–µ—Ç,–ù–µ—Ç,–î–∞,–î–∞,"–ß—Ç–æ-—Ç–æ —Ç–µ—Ä–µ–±–∏—Ç—å –≤ —Ä—É–∫–∞—Ö
–¢—Ä–æ–≥–∞—Ç—å –≤–æ–ª–æ—Å—ã
–ë–µ—Å–ø–æ–∫–æ–π–Ω–æ —Ö–æ–¥–∏—Ç—å
–ü–µ—Ä–µ—Å—Ç–∞–≤–ª—è—Ç—å –≤–µ—â–∏
–ö—É—Ä–∏—Ç—å
...
1. –ù–µ –ø–æ–Ω—è—Ç–Ω–æ, —Å –∫–∞–∫–æ–π —Ü–µ–ª—å—é –ø—Ä–æ–≤–æ–¥–∏—Ç—Å—è –∞–Ω–∫–µ—Ç–∏—Ä–æ–≤–∞–Ω–∏–µ - —Ç–æ –ª–∏ —Ç–µ—Å—Ç–∏—Ä–æ–≤–∞–Ω–∏–µ —Ä–µ—Å–ø–æ–Ω–¥–µ–Ω—Ç–æ–≤, —Ç–æ –ª–∏ —Å–±–æ—Ä —Å—Ç–∞—Ç–∏—Å—Ç–∏—á–µ—Å–∫–∏—Ö –¥–∞–Ω–Ω—ã—Ö, —Ç–æ –ª–∏ –Ω–∞–±–æ—Ä –≤–æ–∑–º–æ–∂–Ω—ã—Ö —Ä–µ–∞–∫—Ü–∏–π.
2. –ü—Ä–∏ –æ—Ç–≤–µ—Ç–µ –Ω–∞ –≤–æ–ø—Ä–æ—Å ""–∑–∞–º–µ—á–∞–ª–∏ –ª–∏ –≤—ã, —á—Ç–æ..."" –æ—Ç–≤–µ—Ç—ã ""–Ω–µ—Ç"" –∏ ""–Ω–µ –æ–±—Ä–∞—â–∞–ª –≤–Ω–∏–º–∞–Ω–∏–µ"" –≤–æ—Å–ø—Ä–∏–Ω–∏–º–∞—é—Ç—Å—è –∫–∞–∫ –∞–Ω–∞–ª–æ–≥–∏—á–Ω—ã–µ"
1178275141,2022-07-09 01:52:29,–ñ–µ–Ω—Å–∫–∏–π,39,–ù–µ –æ–±—Ä–∞—â–∞–ª(-–∞) –≤–Ω–∏–º–∞–Ω–∏–µ,–ù–µ –æ–±—Ä–∞—â–∞–ª(-–∞) –≤–Ω–∏–º–∞–Ω–∏–µ,–î–∞,–î–∞,–î–∞,–ù–µ –æ–±—Ä–∞—â–∞–ª(-–∞) –≤–Ω–∏–º–∞–Ω–∏–µ,–ù–µ—Ç,–ù–µ—Ç,
1178276334,2022-07-09 02:09:06,–ú—É–∂—Å–∫–æ–π,18,–ù–µ –æ–±—Ä–∞—â–∞–ª(-–∞) –≤–Ω–∏–º–∞–Ω–∏–µ,–î–∞,–ù–µ—Ç,–ù–µ—Ç,–î–∞,–ù–µ—Ç,–ù–µ—Ç,–ù–µ –æ–±—Ä–∞—â–∞–ª(-–∞) –≤–Ω–∏–º–∞–Ω–∏–µ,
1178277161,2022-07-09 02:19:41,–ú—É–∂—Å–∫–æ–π,18,–î–∞,–ù–µ—Ç,–î–∞,–î–∞,–ù–µ—Ç,–ù–µ—Ç,–î–∞,–ù–µ—Ç,
1178304630,2022-07-09 06:55:51,–ú—É–∂—Å–∫–æ–π,20,–ú–æ—Ä–≥–∞—é —Ä–µ–∂–µ,–ù–µ –æ–±—Ä–∞—â–∞–ª(-–∞) –≤–Ω–∏–º–∞–Ω–∏–µ,–î—ã—à—É —Ä–µ–∂–µ,–ù–µ—Ç,–î–∞,–î–∞,–î–∞,–ù–µ –æ–±—Ä–∞—â–∞–ª(-–∞) –≤–Ω–∏–º–∞–Ω–∏–µ,
1178309576,2022-07-09 07:21:28,–ñ–µ–Ω—Å–∫–∏–π,56,–ù–µ—Ç,–ù–µ—Ç,–î–∞,–ù–µ—Ç,–ù–µ –æ–±—Ä–∞—â–∞–ª(-–∞) –≤–Ω–∏–º–∞–Ω–∏–µ,–î–∞,–î–∞,–ù–µ –æ–±—Ä–∞—â–∞–ª(-–∞) –≤–Ω–∏–º–∞–Ω–∏–µ,
1178311621,2022-07-09 07:31:34,–ñ–µ–Ω—Å–∫–∏–π,25,–ù–µ—Ç,–î–∞,–î–∞,–î–∞,–ù–µ—Ç,–ù–µ—Ç,–ù–µ—Ç,–ù–µ—Ç,
1178313969,2022-07-09 07:43:06,–ñ–µ–Ω—Å–∫–∏–π,48,–î–∞,–î–∞,–î–∞,–î–∞,–î–∞,–î–∞,–î–∞,–î–∞,
1178315412,2022-07-09 07:49:57,–ñ–µ–Ω—Å–∫–∏–π,37,–ù–µ –æ–±—Ä–∞—â–∞–ª(-–∞) –≤–Ω–∏–º–∞–Ω–∏–µ,–î–∞,–î–∞,–ù–µ –æ–±—Ä–∞—â–∞–ª(-–∞) –≤–Ω–∏–º–∞–Ω–∏–µ,–î–∞,–ù–µ—Ç,–ù–µ –æ–±—Ä–∞—â–∞–ª(-–∞) –≤–Ω–∏–º–∞–Ω–∏–µ,–ù–µ—Ç,
1178321993,2022-07-09 08:19:32,–ñ–µ–Ω—Å–∫–∏–π,54,–ù–µ –æ–±—Ä–∞—â–∞–ª(-–∞) –≤–Ω–∏–º–∞–Ω–∏–µ,–ù–µ –æ–±—Ä–∞—â–∞–ª(-–∞) –≤–Ω–∏–º–∞–Ω–∏–µ,–î–∞,–ù–µ –æ–±—Ä–∞—â–∞–ª(-–∞) –≤–Ω–∏–º–∞–Ω–∏–µ,–ü–µ—Ä–µ–≤–æ–∂—É –≤–∑–≥–ª—è–¥ —Ä–µ–∂–µ ( —Å–º–æ—Ç—Ä—é –≤ –æ–¥–Ω—É —Ç–æ—á–∫—É ),–ù–µ –æ–±—Ä–∞—â–∞–ª(-–∞) –≤–Ω–∏–º–∞–Ω–∏–µ,–î–∞,–ù–µ –æ–±—Ä–∞—â–∞–ª(-–∞) –≤–Ω–∏–º–∞–Ω–∏–µ,
1178325184,2022-07-09 08:33:04,–ñ–µ–Ω—Å–∫–∏–π,38,–ù–µ—Ç,–ù–µ—Ç,–î–∞,–ù–µ—Ç,–ù–µ—Ç,–ù–µ –æ–±—Ä–∞—â–∞–ª(-–∞) –≤–Ω–∏–º–∞–Ω–∏–µ,–ù–µ—Ç,–ù–µ—Ç,
1178326125,2022-07-09 08:36:53,–ñ–µ–Ω—Å–∫–∏–π,36,–ù–µ –æ–±—Ä–∞—â–∞–ª(-–∞) –≤–Ω–∏–º–∞–Ω–∏–µ,–ù–µ—Ç,–î–∞,–ù–µ –æ–±—Ä–∞—â–∞–ª(-–∞) –≤–Ω–∏–º–∞–Ω–∏–µ,–î–∞,–î–∞,–ù–µ—Ç,–ù–µ—Ç,
1178327217,2022-07-09 08:41:16,–ñ–µ–Ω—Å–∫–∏–π,49,–ù–µ –æ–±—Ä–∞—â–∞–ª(-–∞) –≤–Ω–∏–º–∞–Ω–∏–µ,–ù–µ—Ç,–î–∞,–î–∞,–ü–µ—Ä–µ–≤–æ–∂—É –≤–∑–≥–ª—è–¥ —Ä–µ–∂–µ ( —Å–º–æ—Ç—Ä—é –≤ –æ–¥–Ω—É —Ç–æ—á–∫—É ),–ë–ª–µ–¥–Ω–µ—é,–ù–µ—Ç,–ù–µ—Ç,
1178329440,2022-07-09 08:50:18,–ñ–µ–Ω—Å–∫–∏–π,56,–î–∞,–î–∞,–ù–µ –æ–±—Ä–∞—â–∞–ª(-–∞) –≤–Ω–∏–º–∞–Ω–∏–µ,–î–∞,–ù–µ –æ–±—Ä–∞—â–∞–ª(-–∞) –≤–Ω–∏–º–∞–Ω–∏–µ,–ù–µ –æ–±—Ä–∞—â–∞–ª(-–∞) –≤–Ω–∏–º–∞–Ω–∏–µ,–ù–µ –æ–±—Ä–∞—â–∞–ª(-–∞) –≤–Ω–∏–º–∞–Ω–∏–µ,–ù–µ –æ–±—Ä–∞—â–∞–ª(-–∞) –≤–Ω–∏–º–∞–Ω–∏–µ,"–í–æ –≤—Ä–µ–º—è —Å—Ç—Ä–µ—Å—Å–∞ —Ç—Ä—É–¥–Ω–æ –≤—Å–ø–æ–º–Ω–∏—Ç—å, –¥–∞–∂–µ –∑–∞—É—á–µ–Ω–Ω—ã–π –Ω–∞–∏–∑—É—Å—Ç—å —Ç–µ–∫—Å—Ç.."
1178331467,2022-07-09 08:59:05,–ú—É–∂—Å–∫–æ–π,18,–ù–µ—Ç,–î–∞,–î–∞,–ù–µ—Ç,–î–∞,–ë–ª–µ–¥–Ω–µ—é,–ù–µ –æ–±—Ä–∞—â–∞–ª(-–∞) –≤–Ω–∏–º–∞–Ω–∏–µ,–î–∞,
1178331536,2022-07-09 08:59:24,–ú—É–∂—Å–∫–æ–π,19,–ù–µ—Ç,–ù–µ—Ç,–ù–µ—Ç,–î–∞,–î–∞,–ù–µ –æ–±—Ä–∞—â–∞–ª(-–∞) –≤–Ω–∏–º–∞–Ω–∏–µ,–î–∞,–ù–µ—Ç,"–ú–µ–Ω—å—à–µ –∫–æ–Ω—Ü–µ–Ω—Ç—Ä–∞—Ü–∏–∏, –≤—ã—à–µ –≤–µ—Ä–æ—è—Ç–Ω–æ—Å—Ç—å –æ—à–∏–±–∫–∏"
1178334569,2022-07-09 09:11:17,–ñ–µ–Ω—Å–∫–∏–π,23,–ù–µ –æ–±—Ä–∞—â–∞–ª(-–∞) –≤–Ω–∏–º–∞–Ω–∏–µ,–ù–µ—Ç,–î—ã—à—É —Ä–µ–∂–µ,–ù–µ—Ç,–ù–µ—Ç,–ù–µ –æ–±—Ä–∞—â–∞–ª(-–∞) –≤–Ω–∏–º–∞–Ω–∏–µ,–ù–µ—Ç,–ù–µ—Ç,
1178336811,2022-07-09 09:20:20,–ú—É–∂—Å–∫–æ–π,18,–ù–µ—Ç,–ù–µ—Ç,–ù–µ –æ–±—Ä–∞—â–∞–ª(-–∞) –≤–Ω–∏–º–∞–Ω–∏–µ,–ö–∞—Å–∞—é—Å—å —Ä—É–∫–∞–º–∏ –ª–∏—Ü–∞ —Ä–µ–∂–µ,–ù–µ—Ç,–ù–µ—Ç,–ù–µ—Ç,–ù–µ—Ç,–¢—Ä—è—Å—Ç–∏ –Ω–æ–≥–∞–º–∏
1178338660,2022-07-09 09:27:26,–ñ–µ–Ω—Å–∫–∏–π,23,–ù–µ—Ç,–ù–µ—Ç,–î–∞,–ù–µ –æ–±—Ä–∞—â–∞–ª(-–∞) –≤–Ω–∏–º–∞–Ω–∏–µ,–î–∞,–ù–µ—Ç,–î–∞,–î–∞,–ö—Ç–æ —Ç–æ —Ö–æ–¥–∏—Ç –ø–æ –∫—Ä—É–≥—É –∏–ª–∏ –ø—Ä–æ—Å—Ç–æ —á–∞—â–µ –ø–µ—Ä–µ–¥–≤–∏–≥–∞–µ—Ç—Å—è
1178339682,2022-07-09 09:31:15,–ñ–µ–Ω—Å–∫–∏–π,21,–ù–µ –æ–±—Ä–∞—â–∞–ª(-–∞) –≤–Ω–∏–º–∞–Ω–∏–µ,–î–∞,–î–∞,–î–∞,–ù–µ –æ–±—Ä–∞—â–∞–ª(-–∞) –≤–Ω–∏–º–∞–Ω–∏–µ,–ù–µ –æ–±—Ä–∞—â–∞–ª(-–∞) –≤–Ω–∏–º–∞–Ω–∏–µ,–ù–µ –æ–±—Ä–∞—â–∞–ª(-–∞) –≤–Ω–∏–º–∞–Ω–∏–µ,–ù–µ –æ–±—Ä–∞—â–∞–ª(-–∞) –≤–Ω–∏–º–∞–Ω–∏–µ,
1178343020,2022-07-09 09:44:37,–ú—É–∂—Å–∫–æ–π,21,–î–∞,–î–∞,–ù–µ –æ–±—Ä–∞—â–∞–ª(-–∞) –≤–Ω–∏–º–∞–Ω–∏–µ,–î–∞,–î–∞,–î–∞,–î–∞,–î–∞,"–ù–∞—á–∏–Ω–∞—é –≥–ª–∞–¥–∏—Ç—å –ø—Ä–µ–¥–ø–ª–µ—á—å—è.
–ü—Ä–æ—Ö—Ä—É—Å—Ç—ã–≤–∞—é –ø–∞–ª—å—Ü—ã."
1178343266,2022-07-09 09:45:31,–ñ–µ–Ω—Å–∫–∏–π,22,–ù–µ –æ–±—Ä–∞—â–∞–ª(-–∞) –≤–Ω–∏–º–∞–Ω–∏–µ,–î–∞,–î–∞,–î–∞,–ü–µ—Ä–µ–≤–æ–∂—É –≤–∑–≥–ª—è–¥ —Ä–µ–∂–µ ( —Å–º–æ—Ç—Ä—é –≤ –æ–¥–Ω—É —Ç–æ—á–∫—É ),–ù–µ –æ–±—Ä–∞—â–∞–ª(-–∞) –≤–Ω–∏–º–∞–Ω–∏–µ,–î–∞,–î–∞,–ü–æ—Å—Ç–æ—è–Ω–Ω–æ —Ç—Ä–æ–≥–∞—é –≥—É–±—ã
1178344490,2022-07-09 09:50:39,–ú—É–∂—Å–∫–æ–π,19,–ù–µ –æ–±—Ä–∞—â–∞–ª(-–∞) –≤–Ω–∏–º–∞–Ω–∏–µ,–ù–µ –æ–±—Ä–∞—â–∞–ª(-–∞) –≤–Ω–∏–º–∞–Ω–∏–µ,–î–∞,–ù–µ –æ–±—Ä–∞—â–∞–ª(-–∞) –≤–Ω–∏–º–∞–Ω–∏–µ,–ù–µ –æ–±—Ä–∞—â–∞–ª(-–∞) –≤–Ω–∏–º–∞–Ω–∏–µ,–ë–ª–µ–¥–Ω–µ—é,–î–∞,–ù–µ –æ–±—Ä–∞—â–∞–ª(-–∞) –≤–Ω–∏–º–∞–Ω–∏–µ,
1178344692,2022-07-09 09:51:25,–ú—É–∂—Å–∫–æ–π,16,–ù–µ—Ç,–î–∞,–î–∞,–ù–µ –æ–±—Ä–∞—â–∞–ª(-–∞) –≤–Ω–∏–º–∞–Ω–∏–µ,–î–∞,–ù–µ –æ–±—Ä–∞—â–∞–ª(-–∞) –≤–Ω–∏–º–∞–Ω–∏–µ,–î–∞,–î–∞,
1178345037,2022-07-09 09:52:47,–ñ–µ–Ω—Å–∫–∏–π,45,–ù–µ –æ–±—Ä–∞—â–∞–ª(-–∞) –≤–Ω–∏–º–∞–Ω–∏–µ,–ù–µ—Ç,–î–∞,–ù–µ—Ç,–ù–µ—Ç,–î–∞,–î–∞,–ù–µ—Ç,
1178345826,2022-07-09 09:55:59,–ú—É–∂—Å–∫–æ–π,17,–ù–µ –æ–±—Ä–∞—â–∞–ª(-–∞) –≤–Ω–∏–º–∞–Ω–∏–µ,–ù–µ –æ–±—Ä–∞—â–∞–ª(-–∞) –≤–Ω–∏–º–∞–Ω–∏–µ,–î–∞,–î–∞,–î–∞,–ù–µ –æ–±—Ä–∞—â–∞–ª(-–∞) –≤–Ω–∏–º–∞–Ω–∏–µ,–î–∞,–î–∞,
1178347210,2022-07-09 10:01:27,–ñ–µ–Ω—Å–∫–∏–π,44,–ù–µ—Ç,–î–∞,–ù–µ—Ç,–ù–µ –æ–±—Ä–∞—â–∞–ª(-–∞) –≤–Ω–∏–º–∞–Ω–∏–µ,–ù–µ –æ–±—Ä–∞—â–∞–ª(-–∞) –≤–Ω–∏–º–∞–Ω–∏–µ,–ù–µ—Ç,–ù–µ—Ç,–ù–µ—Ç,
1178350227,2022-07-09 10:13:06,–ú—É–∂—Å–∫–æ–π,16,–ù–µ –æ–±—Ä–∞—â–∞–ª(-–∞) –≤–Ω–∏–º–∞–Ω–∏–µ,–î–∞,–ù–µ –æ–±—Ä–∞—â–∞–ª(-–∞) –≤–Ω–∏–º–∞–Ω–∏–µ,–ù–µ –æ–±—Ä–∞—â–∞–ª(-–∞) –≤–Ω–∏–º–∞–Ω–∏–µ,–ù–µ –æ–±—Ä–∞—â–∞–ª(-–∞) –≤–Ω–∏–º–∞–Ω–∏–µ,–î–∞,–ù–µ—Ç,–î–∞,"–•—Ä—É—Å—Ç –ø–∞–ª—å—Ü–∞–º–∏, –¥—Ä–æ–∂—å –≤ –Ω–æ–≥–∞—Ö"
1178351268,2022-07-09 10:17:00,–ñ–µ–Ω—Å–∫–∏–π,38,–ù–µ –æ–±—Ä–∞—â–∞–ª(-–∞) –≤–Ω–∏–º–∞–Ω–∏–µ,–î–∞,–î–∞,–ù–µ –æ–±—Ä–∞—â–∞–ª(-–∞) –≤–Ω–∏–º–∞–Ω–∏–µ,–ù–µ –æ–±—Ä–∞—â–∞–ª(-–∞) –≤–Ω–∏–º–∞–Ω–∏–µ,–î–∞,–î–∞,–ù–µ—Ç,
1178355256,2022-07-09 10:33:28,–ñ–µ–Ω—Å–∫–∏–π,43,–ù–µ –æ–±—Ä–∞—â–∞–ª(-–∞) –≤–Ω–∏–º–∞–Ω–∏–µ,–î–∞,–ù–µ –æ–±—Ä–∞—â–∞–ª(-–∞) –≤–Ω–∏–º–∞–Ω–∏–µ,–ù–µ –æ–±—Ä–∞—â–∞–ª(-–∞) –≤–Ω–∏–º–∞–Ω–∏–µ,–ù–µ—Ç,–î–∞,–î–∞,–ù–µ—Ç,–ù–∞—á–∏–Ω–∞—é –∑–∞–µ–¥–∞—Ç—å
1178357741,2022-07-09 10:43:12,–ú—É–∂—Å–∫–æ–π,28,–ù–µ –æ–±—Ä–∞—â–∞–ª(-–∞) –≤–Ω–∏–º–∞–Ω–∏–µ,–ù–µ –æ–±—Ä–∞—â–∞–ª(-–∞) –≤–Ω–∏–º–∞–Ω–∏–µ,–î–∞,–î–∞,–î–∞,–î–∞,–î–∞,–î–∞,
1178359996,2022-07-09 10:51:34,–ú—É–∂—Å–∫–æ–π,20,–ù–µ –æ–±—Ä–∞—â–∞–ª(-–∞) –≤–Ω–∏–º–∞–Ω–∏–µ,–î–∞,–î–∞,–î–∞,–ù–µ –æ–±—Ä–∞—â–∞–ª(-–∞) –≤–Ω–∏–º–∞–Ω–∏–µ,–ù–µ—Ç,–î–∞,–î–∞,
1178360030,2022-07-09 10:51:42,–ñ–µ–Ω—Å–∫–∏–π,41,–ù–µ—Ç,–î–∞,–î–∞,–ù–µ—Ç,–ù–µ—Ç,–ù–µ—Ç,–î–∞,–ù–µ—Ç,"–ü—Ä–æ —Å—Ç–∏—Å–∫–∏–≤–∞–Ω–∏–µ –∑—É–±–æ–≤ –º–æ–∂–µ—Ç, –Ω–∞–ø—Ä—è–∂–µ–Ω–∏–µ –º—ã—à—Ü, —Ö–æ–¥—å–±–∞ —Ç—É–¥–∞ —Å—é–¥–∞ –ø–æ –∫–≤–∞—Ä—Ç–∏—Ä–µ, –Ω–∞–ø—Ä–∏–º–µ—Ä."
1178360767,2022-07-09 10:54:46,–ñ–µ–Ω—Å–∫–∏–π,,–ù–µ—Ç,–ù–µ –æ–±—Ä–∞—â–∞–ª(-–∞) –≤–Ω–∏–º–∞–Ω–∏–µ,–ù–µ –æ–±—Ä–∞—â–∞–ª(-–∞) –≤–Ω–∏–º–∞–Ω–∏–µ,–ù–µ—Ç,–ù–µ—Ç,–ù–µ—Ç,–î–∞,–ù–µ—Ç,
1178362603,2022-07-09 11:01:25,–ñ–µ–Ω—Å–∫–∏–π,55,–ù–µ—Ç,–î–∞,–ù–µ—Ç,–î–∞,–î–∞,–î–∞,–ù–µ—Ç,–î–∞,"–ü—Å–∏—Ö–æ—ç–º–æ—Ü–∏–æ–Ω–∞–ª—å–Ω–∞—è –Ω–∞–ø—Ä—è–∂—ë–Ω–Ω–æ—Å—Ç—å , –∞–ø–∞—Ç–∏—è, –ø–æ–¥–∞–≤–ª–µ–Ω–Ω–æ—Å—Ç—å, —Ö—Ä–æ–Ω–∏—á–µ—Å–∫–∞—è —É—Å—Ç–∞–ª–æ—Å—Ç—å, –ø–µ—Å—Å–∏–º–∏–∑–º, –∂–µ–ª–∞–Ω–∏–µ —É–µ–¥–∏–Ω–∏—Ç—å—Å—è."
1178365152,2022-07-09 11:11:10,–ñ–µ–Ω—Å–∫–∏–π,22,–ù–µ –æ–±—Ä–∞—â–∞–ª(-–∞) –≤–Ω–∏–º–∞–Ω–∏–µ,–î–∞,–î–∞,–î–∞,–î–∞,–ë–ª–µ–¥–Ω–µ—é,–î–∞,–ù–µ—Ç,
1178367585,2022-07-09 11:19:55,–ú—É–∂—Å–∫–æ–π,21,–ù–µ –æ–±—Ä–∞—â–∞–ª(-–∞) –≤–Ω–∏–º–∞–Ω–∏–µ,–ù–µ—Ç,–ù–µ—Ç,–î–∞,–î–∞,–ù–µ—Ç,–ù–µ—Ç,–ù–µ—Ç,–©–µ–ª–∫–∞—é –ø–∞–ª—å—Ü–∞–º–∏))
1178367760,2022-07-09 11:20:37,–ú—É–∂—Å–∫–æ–π,,–ù–µ—Ç,–ù–µ—Ç,–ù–µ—Ç,–ù–µ—Ç,–î–∞,–ù–µ –æ–±—Ä–∞—â–∞–ª(-–∞) –≤–Ω–∏–º–∞–Ω–∏–µ,–ù–µ—Ç,–î–∞,"–ö–æ–≥–¥–∞ –Ω–µ—Ä–≤–Ω–∏—á–∞—é, —Å–º–æ—Ç—Ä—é –≤ —Ç–µ–ª–µ—Ñ–æ–Ω, —Ö–æ—Ç—è –Ω–∞ —Ç–æ—Ç –º–æ–º–µ–Ω—Ç –æ–Ω –±—ã–≤–∞–µ—Ç –Ω–µ –Ω—É–∂–µ–Ω"
1178371514,2022-07-09 11:34:54,–ñ–µ–Ω—Å–∫–∏–π,21,–ù–µ –æ–±—Ä–∞—â–∞–ª(-–∞) –≤–Ω–∏–º–∞–Ω–∏–µ,–î–∞,–ù–µ –æ–±—Ä–∞—â–∞–ª(-–∞) –≤–Ω–∏–º–∞–Ω–∏–µ,–ù–µ—Ç,–î–∞,–î–∞,–ù–µ –æ–±—Ä–∞—â–∞–ª(-–∞) –≤–Ω–∏–º–∞–Ω–∏–µ,–î–∞,–°–æ–ø—Ä–æ–≤–æ–∂–¥–∞–µ—Ç—Å—è –∞–≥—Ä–µ—Å—Å–∏–µ–π
1178374051,2022-07-09 11:44:22,–ú—É–∂—Å–∫–æ–π,30,–ù–µ—Ç,–ù–µ—Ç,–î–∞,–î–∞,–ù–µ –æ–±—Ä–∞—â–∞–ª(-–∞) –≤–Ω–∏–º–∞–Ω–∏–µ,–î–∞,–î–∞,–ù–µ –æ–±—Ä–∞—â–∞–ª(-–∞) –≤–Ω–∏–º–∞–Ω–∏–µ,
1178385552,2022-07-09 12:23:14,–ú—É–∂—Å–∫–æ–π,16,–ù–µ –æ–±—Ä–∞—â–∞–ª(-–∞) –≤–Ω–∏–º–∞–Ω–∏–µ,–î–∞,–ù–µ—Ç,–ù–µ—Ç,–ü–µ—Ä–µ–≤–æ–∂—É –≤–∑–≥–ª—è–¥ —Ä–µ–∂–µ ( —Å–º–æ—Ç—Ä—é –≤ –æ–¥–Ω—É —Ç–æ—á–∫—É ),–ù–µ –æ–±—Ä–∞—â–∞–ª(-–∞) –≤–Ω–∏–º–∞–Ω–∏–µ,–î–∞,–î–∞,
1178395133,2022-07-09 12:54:03,–ú—É–∂—Å–∫–æ–π,17,–ù–µ –æ–±—Ä–∞—â–∞–ª(-–∞) –≤–Ω–∏–º–∞–Ω–∏–µ,–î–∞,–î–∞,–ù–µ—Ç,–î–∞,–ù–µ –æ–±—Ä–∞—â–∞–ª(-–∞) –≤–Ω–∏–º–∞–Ω–∏–µ,–î–∞,–ù–µ –æ–±—Ä–∞—â–∞–ª(-–∞) –≤–Ω–∏–º–∞–Ω–∏–µ,–ù–æ–≥–∞ –¥–µ—Ä–≥–∞–µ—Ç—Å—è :3
1178401242,2022-07-09 13:13:52,–ú—É–∂—Å–∫–æ–π,18,–ù–µ—Ç,–î–∞,–î–∞,–î–∞,–î–∞,–ù–µ—Ç,–î–∞,–î–∞,
1178402171,2022-07-09 13:16:04,–ú—É–∂—Å–∫–æ–π,19,–ù–µ –æ–±—Ä–∞—â–∞–ª(-–∞) –≤–Ω–∏–º–∞–Ω–∏–µ,–î–∞,–ù–µ –æ–±—Ä–∞—â–∞–ª(-–∞) –≤–Ω–∏–º–∞–Ω–∏–µ,–ù–µ –æ–±—Ä–∞—â–∞–ª(-–∞) –≤–Ω–∏–º–∞–Ω–∏–µ,–ù–µ –æ–±—Ä–∞—â–∞–ª(-–∞) –≤–Ω–∏–º–∞–Ω–∏–µ,–ù–µ—Ç,–ù–µ—Ç,–ù–µ—Ç,
1178407310,2022-07-09 13:29:02,–ñ–µ–Ω—Å–∫–∏–π,63,–ù–µ—Ç,–ù–µ—Ç,–ù–µ –æ–±—Ä–∞—â–∞–ª(-–∞) –≤–Ω–∏–º–∞–Ω–∏–µ,–ù–µ—Ç,–ù–µ –æ–±—Ä–∞—â–∞–ª(-–∞) –≤–Ω–∏–º–∞–Ω–∏–µ,–ù–µ—Ç,–ù–µ—Ç,–ù–µ—Ç,"–í –ø–æ–¥–æ–±–Ω—ã—Ö —Å–ª—É—á–∞—è—Ö —Å—Ç–∞—Ä–∞—é—Å—å –Ω–µ –æ–±—Ä–≤—â–∞—Ç—å –≤–Ω–∏–º–∞–Ω–∏–µ –Ω–∞ –Ω–µ–≥–∞—Ç–∏–≤, –ø–µ—Ä–µ–∫–ª—é—á–∞—é —Å–≤–æ–µ –∞–Ω–∏–º–∞–Ω–∏–µ –Ω–∞ –¥—Ä—É–≥–æ–µ"
1178404906,2022-07-09 13:22:39,–ú—É–∂—Å–∫–æ–π,22,–ù–µ –æ–±—Ä–∞—â–∞–ª(-–∞) –≤–Ω–∏–º–∞–Ω–∏–µ,–ù–µ –æ–±—Ä–∞—â–∞–ª(-–∞) –≤–Ω–∏–º–∞–Ω–∏–µ,–ù–µ –æ–±—Ä–∞—â–∞–ª(-–∞) –≤–Ω–∏–º–∞–Ω–∏–µ,–ù–µ –æ–±—Ä–∞—â–∞–ª(-–∞) –≤–Ω–∏–º–∞–Ω–∏–µ,–ù–µ –æ–±—Ä–∞—â–∞–ª(-–∞) –≤–Ω–∏–º–∞–Ω–∏–µ,–î–∞,–ù–µ—Ç,–î–∞,
1178407798,2022-07-09 13:30:24,–ñ–µ–Ω—Å–∫–∏–π,42,–ù–µ—Ç,–ù–µ—Ç,–î–∞,–ù–µ –æ–±—Ä–∞—â–∞–ª(-–∞) –≤–Ω–∏–º–∞–Ω–∏–µ,–î–∞,–î–∞,–î–∞,–ù–µ—Ç,
1178420641,2022-07-09 14:08:16,–ñ–µ–Ω—Å–∫–∏–π,45,–ù–µ—Ç,–î–∞,–î—ã—à—É —Ä–µ–∂–µ,–ù–µ—Ç,–ù–µ—Ç,–î–∞,–î–∞,–ù–µ –æ–±—Ä–∞—â–∞–ª(-–∞) –≤–Ω–∏–º–∞–Ω–∏–µ,–°–≤–æ–¥–∏—Ç –≥–æ—Ä–ª–æ –∫–æ–≥–¥–∞ –Ω–µ—Ä–≤–Ω–∏—á–∞—é –∫–∞–∫ –±—É–¥—Ç–æ –∫–æ–º
1178421308,2022-07-09 14:10:19,–ú—É–∂—Å–∫–æ–π,48,–ù–µ—Ç,–ù–µ—Ç,–ù–µ—Ç,–ù–µ—Ç,–ù–µ—Ç,–ù–µ—Ç,–ù–µ—Ç,–ù–µ—Ç,
1178421637,2022-07-09 14:11:18,–ñ–µ–Ω—Å–∫–∏–π,26,–ù–µ –æ–±—Ä–∞—â–∞–ª(-–∞) –≤–Ω–∏–º–∞–Ω–∏–µ,–î–∞,–î–∞,–ù–µ—Ç,–î–∞,–î–∞,–î–∞,–î–∞,
1178422517,2022-07-09 14:14:13,–ú—É–∂—Å–∫–æ–π,32,–ù–µ –æ–±—Ä–∞—â–∞–ª(-–∞) –≤–Ω–∏–º–∞–Ω–∏–µ,–ù–µ—Ç,–ù–µ –æ–±—Ä–∞—â–∞–ª(-–∞) –≤–Ω–∏–º–∞–Ω–∏–µ,–ù–µ—Ç,–ù–µ—Ç,–ù–µ –æ–±—Ä–∞—â–∞–ª(-–∞) –≤–Ω–∏–º–∞–Ω–∏–µ,–î–∞,–ù–µ –æ–±—Ä–∞—â–∞–ª(-–∞) –≤–Ω–∏–º–∞–Ω–∏–µ,
1178424124,2022-07-09 14:18:43,–ñ–µ–Ω—Å–∫–∏–π,21,–î–∞,–î–∞,–î–∞,–î–∞,–ù–µ –æ–±—Ä–∞—â–∞–ª(-–∞) –≤–Ω–∏–º–∞–Ω–∏–µ,–ë–ª–µ–¥–Ω–µ—é,–î–∞,–î–∞,
1178424414,2022-07-09 14:19:33,–ñ–µ–Ω—Å–∫–∏–π,38,–ù–µ –æ–±—Ä–∞—â–∞–ª(-–∞) –≤–Ω–∏–º–∞–Ω–∏–µ,–ù–µ—Ç,–î—ã—à—É —Ä–µ–∂–µ,–ù–µ—Ç,–ù–µ –æ–±—Ä–∞—â–∞–ª(-–∞) –≤–Ω–∏–º–∞–Ω–∏–µ,–ù–µ—Ç,–ù–µ—Ç,–ù–µ—Ç,–ù–µ –º–æ–Ω—É —É—Å–∏–¥–µ—Ç—å –Ω–∞ –º–µ—Å—Ç–µ
1178426643,2022-07-09 14:25:36,–ñ–µ–Ω—Å–∫–∏–π,41,–ú–æ—Ä–≥–∞—é —Ä–µ–∂–µ,–î–∞,–î–∞,–ù–µ—Ç,–î–∞,–î–∞,–î–∞,–ù–µ—Ç,"–ö–∞—á–∞–Ω–∏–µ –Ω–æ–≥–æ–π, —Å—Ç—É—á–∞—Ç—å –ø–∞–ª—å—Ü–∞–º–∏ –ø–æ —Å—Ç–æ–ª—É –∏–ª–∏ —Ä—É—á–∫–æ–π)"
1178429055,2022-07-09 14:32:18,–ú—É–∂—Å–∫–æ–π,35,–ù–µ –æ–±—Ä–∞—â–∞–ª(-–∞) –≤–Ω–∏–º–∞–Ω–∏–µ,–ù–µ—Ç,–î–∞,–ù–µ –æ–±—Ä–∞—â–∞–ª(-–∞) –≤–Ω–∏–º–∞–Ω–∏–µ,–ù–µ –æ–±—Ä–∞—â–∞–ª(-–∞) –≤–Ω–∏–º–∞–Ω–∏–µ,–ù–µ –æ–±—Ä–∞—â–∞–ª(-–∞) –≤–Ω–∏–º–∞–Ω–∏–µ,–î–∞,–ù–µ—Ç,
1178451128,2022-07-09 15:35:06,–ñ–µ–Ω—Å–∫–∏–π,43,–ù–µ—Ç,–î–∞,–ù–µ—Ç,–ù–µ—Ç,–ü–µ—Ä–µ–≤–æ–∂—É –≤–∑–≥–ª—è–¥ —Ä–µ–∂–µ ( —Å–º–æ—Ç—Ä—é –≤ –æ–¥–Ω—É —Ç–æ—á–∫—É ),–ù–µ –æ–±—Ä–∞—â–∞–ª(-–∞) –≤–Ω–∏–º–∞–Ω–∏–µ,–î–∞,–ù–µ—Ç,
1178473161,2022-07-09 16:37:15,–ñ–µ–Ω—Å–∫–∏–π,31,–ù–µ –æ–±—Ä–∞—â–∞–ª(-–∞) –≤–Ω–∏–º–∞–Ω–∏–µ,–î–∞,–ù–µ –æ–±—Ä–∞—â–∞–ª(-–∞) –≤–Ω–∏–º–∞–Ω–∏–µ,–î–∞,–ù–µ –æ–±—Ä–∞—â–∞–ª(-–∞) –≤–Ω–∏–º–∞–Ω–∏–µ,–ù–µ—Ç,–î–∞,–î–∞,
1178485169,2022-07-09 17:13:55,–ñ–µ–Ω—Å–∫–∏–π,67,–ù–µ—Ç,–ù–µ—Ç,–î–∞,–î–∞,–ù–µ—Ç,–ù–µ—Ç,–î–∞,–î–∞,–ë—ã–≤–∞—é –≤–Ω–µ—à–Ω–µ –æ—á–µ–Ω—å —Å–ø–æ–∫–æ–π–Ω–∞—è –∏ –∑–∞–º–µ–¥–ª—è—é—Å—å
1178503627,2022-07-09 18:13:32,–ñ–µ–Ω—Å–∫–∏–π,35,–î–∞,–ù–µ –æ–±—Ä–∞—â–∞–ª(-–∞) –≤–Ω–∏–º–∞–Ω–∏–µ,–î–∞,–î–∞,–î–∞,–î–∞,–ù–µ –æ–±—Ä–∞—â–∞–ª(-–∞) –≤–Ω–∏–º–∞–Ω–∏–µ,–ù–µ –æ–±—Ä–∞—â–∞–ª(-–∞) –≤–Ω–∏–º–∞–Ω–∏–µ,
1178512901,2022-07-09 18:44:24,–ú—É–∂—Å–∫–æ–π,25,–ù–µ –æ–±—Ä–∞—â–∞–ª(-–∞) –≤–Ω–∏–º–∞–Ω–∏–µ,–î–∞,–î–∞,–î–∞,–î–∞,–ë–ª–µ–¥–Ω–µ—é,–î–∞,–î–∞,–°–ª–µ–∑–ª–∏–≤–æ—Å—Ç—å –≥–ª–∞–∑
1178524371,2022-07-09 19:24:20,–ñ–µ–Ω—Å–∫–∏–π,38,–ù–µ –æ–±—Ä–∞—â–∞–ª(-–∞) –≤–Ω–∏–º–∞–Ω–∏–µ,–ù–µ –æ–±—Ä–∞—â–∞–ª(-–∞) –≤–Ω–∏–º–∞–Ω–∏–µ,–î–∞,–ù–µ –æ–±—Ä–∞—â–∞–ª(-–∞) –≤–Ω–∏–º–∞–Ω–∏–µ,–î–∞,–î–∞,–î–∞,–ù–µ –æ–±—Ä–∞—â–∞–ª(-–∞) –≤–Ω–∏–º–∞–Ω–∏–µ,
1178526170,2022-07-09 19:30:23,–ú—É–∂—Å–∫–æ–π,21,–ù–µ –æ–±—Ä–∞—â–∞–ª(-–∞) –≤–Ω–∏–º–∞–Ω–∏–µ,–ù–µ—Ç,–î–∞,–î–∞,–î–∞,–ù–µ –æ–±—Ä–∞—â–∞–ª(-–∞) –≤–Ω–∏–º–∞–Ω–∏–µ,–î–∞,–ù–µ –æ–±—Ä–∞—â–∞–ª(-–∞) –≤–Ω–∏–º–∞–Ω–∏–µ,"–ø–æ—Ç–µ–µ—à—å; –æ—â—É—â–∞–µ—à—å —Ñ–∏–∑–∏—á–µ—Å–∫–∏, —á—Ç–æ –Ω–µ—Ä–≤–Ω–∏—á–∞–µ—à—å"
1178530559,2022-07-09 19:45:17,–ñ–µ–Ω—Å–∫–∏–π,23,–ù–µ –æ–±—Ä–∞—â–∞–ª(-–∞) –≤–Ω–∏–º–∞–Ω–∏–µ,–î–∞,–î–∞,–î–∞,–ü–µ—Ä–µ–≤–æ–∂—É –≤–∑–≥–ª—è–¥ —Ä–µ–∂–µ ( —Å–º–æ—Ç—Ä—é –≤ –æ–¥–Ω—É —Ç–æ—á–∫—É ),–ë–ª–µ–¥–Ω–µ—é,–î–∞,–î–∞,
1178537407,2022-07-09 20:07:44,,,,,,,,,,,
1178549636,2022-07-09 20:46:34,–ñ–µ–Ω—Å–∫–∏–π,22,–ù–µ—Ç,–ù–µ –æ–±—Ä–∞—â–∞–ª(-–∞) –≤–Ω–∏–º–∞–Ω–∏–µ,–ù–µ—Ç,–ù–µ –æ–±—Ä–∞—â–∞–ª(-–∞) –≤–Ω–∏–º–∞–Ω–∏–µ,–ù–µ—Ç,–ù–µ –æ–±—Ä–∞—â–∞–ª(-–∞) –≤–Ω–∏–º–∞–Ω–∏–µ,–ù–µ –æ–±—Ä–∞—â–∞–ª(-–∞) –≤–Ω–∏–º–∞–Ω–∏–µ,–ù–µ—Ç,
1178565397,2022-07-09 21:37:40,–ñ–µ–Ω—Å–∫–∏–π,54,–ù–µ—Ç,–ù–µ—Ç,–î–∞,–ù–µ—Ç,–ù–µ—Ç,–ù–µ –æ–±—Ä–∞—â–∞–ª(-–∞) –≤–Ω–∏–º–∞–Ω–∏–µ,–ù–µ—Ç,–ù–µ—Ç,"–•–æ—á–µ—Ç—Å—è –ª–µ—á—å –ø–æ–ª–µ–∂–∞—Ç—å –∏–ª–∏, –≤–æ–æ–±—â–µ, –ø–æ—Å–ø–∞—Ç—å)))"
1178596667,2022-07-09 23:33:56,–ñ–µ–Ω—Å–∫–∏–π,,–ù–µ –æ–±—Ä–∞—â–∞–ª(-–∞) –≤–Ω–∏–º–∞–Ω–∏–µ,–ù–µ –æ–±—Ä–∞—â–∞–ª(-–∞) –≤–Ω–∏–º–∞–Ω–∏–µ,–ù–µ—Ç,–ù–µ –æ–±—Ä–∞—â–∞–ª(-–∞) –≤–Ω–∏–º–∞–Ω–∏–µ,–ù–µ—Ç,–ù–µ –æ–±—Ä–∞—â–∞–ª(-–∞) –≤–Ω–∏–º–∞–Ω–∏–µ,–ù–µ –æ–±—Ä–∞—â–∞–ª(-–∞) –≤–Ω–∏–º–∞–Ω–∏–µ,–ù–µ –æ–±—Ä–∞—â–∞–ª(-–∞) –≤–Ω–∏–º–∞–Ω–∏–µ,
1178710115,2022-07-10 11:23:53,–ñ–µ–Ω—Å–∫–∏–π,24,–ù–µ –æ–±—Ä–∞—â–∞–ª(-–∞) –≤–Ω–∏–º–∞–Ω–∏–µ,–î–∞,–î–∞,–î–∞,–ü–µ—Ä–µ–≤–æ–∂—É –≤–∑–≥–ª—è–¥ —Ä–µ–∂–µ ( —Å–º–æ—Ç—Ä—é –≤ –æ–¥–Ω—É —Ç–æ—á–∫—É ),–î–∞,–î–∞,–î–∞,
1178710757,2022-07-10 11:26:11,–ñ–µ–Ω—Å–∫–∏–π,39,–ù–µ –æ–±—Ä–∞—â–∞–ª(-–∞) –≤–Ω–∏–º–∞–Ω–∏–µ,–î–∞,–î–∞,–ù–µ—Ç,–ù–µ—Ç,–î–∞,–î–∞,–ù–µ—Ç,
